CrimeType,CrimeLocType,StatZone,Month
עבירות כלפי המוסר,רכב מנועי אחר,611,5.0
עבירות סדר ציבורי,רחוב,611,6.0
עבירות כלפי המוסר,רחוב,611,6.0
עבירות סדר ציבורי,רחוב,611,5.0
עבירות רשוי,רחוב,611,5.0
עבירות סדר ציבורי,רחוב,611,4.0
עבירות כלפי המוסר,רחוב,611,6.0
עבירות כלפי הרכוש,רחוב,611,5.0
עבירות כלפי המוסר,רחוב,611,4.0
עבירות כלפי המוסר,רחוב,611,6.0
עבירות כלפי הרכוש,רחוב,611,6.0
עבירות כלפי המוסר,רחוב,611,6.0
עבירות סדר ציבורי,רחוב,611,3.0
עבירות כלפי הרכוש,רחוב,611,6.0
עבירות סדר ציבורי,רחוב,611,6.0
עבירות כלפי הרכוש,רחוב,611,4.0
עבירות נגד גוף,מוסדות חנוך,611,3.0
עבירות כלפי הרכוש,מוסדות חנוך,611,3.0
עבירות נגד גוף,מוסדות חנוך,611,3.0
עבירות כלפי הרכוש,מוסדות חנוך,611,3.0
עבירות סדר ציבורי,מוסדות חנוך,611,3.0
עבירות סדר ציבורי,טלפון,611,5.0
עבירות סדר ציבורי,טלפון,611,2.0
עבירות סדר ציבורי,טלפון,611,6.0
עבירות סדר ציבורי,טלפון,611,6.0
עבירות סדר ציבורי,טלפון,611,2.0
עבירות סדר ציבורי,חצר בית,611,1.0
עבירות סדר ציבורי,חצר בית,611,5.0
עבירות סדר ציבורי,חצר בית,611,5.0
עבירות נגד גוף,חצר בית,611,4.0
עבירות כלפי המוסר,חניון,611,5.0
עבירות כלפי הרכוש,חניון,611,5.0
עבירות כלפי הרכוש,חניון,611,5.0
עבירות כלפי הרכוש,חניון,611,3.0
עבירות כלפי הרכוש,חניון,611,2.0
עבירות כלפי הרכוש,חניון,611,5.0
עבירות כלפי הרכוש,חניון,611,3.0
עבירות כלפי המוסר,חניון,611,6.0
עבירות כלפי הרכוש,חניון,611,3.0
עבירות כלפי הרכוש,חניון,611,2.0
עבירות כלפי הרכוש,חניה,611,5.0
עבירות כלפי הרכוש,חניה,611,3.0
עבירות כלפי הרכוש,חניה,611,1.0
עבירות כלפי הרכוש,חניה,611,1.0
עבירות כלפי הרכוש,חניה,611,1.0
עבירות כלפי הרכוש,חניה,611,1.0
עבירות כלפי הרכוש,חניה,611,6.0
עבירות כלפי הרכוש,חניה,611,6.0
עבירות כלפי המוסר,חניה,611,5.0
עבירות כלפי הרכוש,חניה,611,5.0
עבירות כלפי הרכוש,חניה,611,4.0
עבירות כלפי הרכוש,חניה,611,2.0
עבירות כלפי הרכוש,חניה,611,1.0
עבירות כלפי הרכוש,חניה,611,1.0
עבירות סדר ציבורי,חניה,611,6.0
עבירות כלפי הרכוש,חניה,611,6.0
עבירות כלפי הרכוש,חניה,611,4.0
עבירות כלפי הרכוש,חניה,611,3.0
עבירות כלפי הרכוש,חניה,611,1.0
עבירות כלפי הרכוש,חניה,611,1.0
עבירות כלפי הרכוש,חניה,611,6.0
עבירות כלפי הרכוש,חניה,611,6.0
עבירות כלפי הרכוש,חניה,611,4.0
עבירות כלפי הרכוש,חניה,611,3.0
עבירות נגד גוף,חניה,611,2.0
עבירות כלפי הרכוש,חניה,611,1.0
עבירות סדר ציבורי,חניה,611,1.0
עבירות כלפי הרכוש,חניה,611,1.0
עבירות כלפי הרכוש,חניה,611,1.0
עבירות כלפי הרכוש,חניה,611,1.0
עבירות בטחון,בית מגורים אחר,611,4.0
עבירות כלפי המוסר,בית מגורים אחר,611,4.0
עבירות סדר ציבורי,בית הקרבן,611,6.0
עבירות כלפי הרכוש,בית הקרבן,611,6.0
עבירות סדר ציבורי,בית הקרבן,611,5.0
עבירות כלפי הרכוש,בית הקרבן,611,5.0
עבירות כלפי הרכוש,בית הקרבן,611,5.0
עבירות סדר ציבורי,בית הקרבן,611,5.0
עבירות כלפי הרכוש,בית הקרבן,611,4.0
עבירות כלפי הרכוש,בית הקרבן,611,5.0
עבירות סדר ציבורי,בית הקרבן,611,4.0
עבירות סדר ציבורי,בית הקרבן,611,2.0
עבירות כלפי הרכוש,בית הקרבן,611,6.0
עבירות כלפי הרכוש,בית הקרבן,611,6.0
עבירות כלפי הרכוש,בית הקרבן,611,6.0
עבירות סדר ציבורי,בית הקרבן,611,5.0
עבירות כלפי הרכוש,בית הקרבן,611,5.0
עבירות כלפי הרכוש,בית הקרבן,611,4.0
עבירות נגד גוף,בית הקרבן,611,3.0
עבירות כלפי הרכוש,בית הקרבן,611,2.0
עבירות סדר ציבורי,בית הקרבן,611,2.0
עבירות מרמה,בית הקרבן,611,1.0
עבירות כלפי המוסר,בית הקרבן,611,5.0
עבירות סדר ציבורי,בית הקרבן,611,5.0
עבירות סדר ציבורי,בית הקרבן,611,4.0
עבירות כלפי הרכוש,בית הקרבן,611,2.0
עבירות כלפי הרכוש,בית הקרבן,611,2.0
עבירות בטחון,בית הקרבן,611,2.0
עבירות כלפי הרכוש,בית הקרבן,611,2.0
עבירות סדר ציבורי,בית הקרבן,611,2.0
עבירות נגד גוף,בית הקרבן,611,2.0
עבירות כלפי הרכוש,בית הקרבן,611,1.0
עבירות כלפי הרכוש,בית הקרבן,611,1.0
עבירות נגד גוף,בית המבצע,611,5.0
עבירות כלפי המוסר,בית המבצע,611,1.0
עבירות סדר ציבורי,בית המבצע,611,1.0
עבירות סדר ציבורי,בית המבצע,611,4.0
עבירות סדר ציבורי,בית המבצע,611,4.0
עבירות כלפי המוסר,בית המבצע,611,5.0
עבירות סדר ציבורי,בית המבצע,611,1.0
עבירות סדר ציבורי,בית המבצע,611,1.0
עבירות נגד גוף,בית המבצע,611,1.0
עבירות נגד גוף,"בי""ס תיכון כללי  ",611,3.0
עבירות סדר ציבורי,"בי""ס תיכון כללי  ",611,2.0
עבירות נגד גוף,"בי""ס תיכון כללי  ",611,3.0
עבירות כלפי המוסר,"בי""ס תיכון כללי  ",611,6.0
עבירות סדר ציבורי,"בי""ס תיכון כללי  ",611,4.0
עבירות כלפי המוסר,"אחר,שלא פורט לעיל",611,3.0
עבירות כלפי המוסר,רחוב,612,3.0
עבירות נגד גוף,רחוב,612,5.0
עבירות כלפי הרכוש,רחוב,612,5.0
עבירות כלפי המוסר,רחוב,612,2.0
עבירות כלפי המוסר,רחוב,612,1.0
עבירות כלפי הרכוש,רחוב,612,3.0
עבירות נגד גוף,רחוב,612,3.0
עבירות נגד גוף,רחוב,612,6.0
עבירות סדר ציבורי,רחוב,612,6.0
עבירות כלפי המוסר,רחוב,612,5.0
עבירות סדר ציבורי,רחוב,612,5.0
עבירות סדר ציבורי,רחוב,612,3.0
עבירות כלפי הרכוש,מבנה אחר,612,5.0
עבירות כלפי הרכוש,מבנה אחר,612,4.0
עבירות נגד גוף,כביש עירוני,612,3.0
עבירות נגד גוף,חצר בית,612,5.0
עבירות נגד גוף,חצר בית,612,2.0
עבירות סדר ציבורי,חצר בית,612,5.0
עבירות כלפי הרכוש,חצר בית,612,5.0
עבירות כלפי המוסר,חצר בית,612,1.0
עבירות כלפי הרכוש,חניון,612,1.0
עבירות סדר ציבורי,חניון,612,1.0
עבירות סדר ציבורי,חניון,612,1.0
עבירות כלפי הרכוש,חניה,612,4.0
עבירות כלפי הרכוש,חניה,612,4.0
עבירות כלפי הרכוש,חניה,612,2.0
עבירות כלפי הרכוש,חניה,612,2.0
עבירות כלפי הרכוש,חניה,612,1.0
עבירות כלפי הרכוש,חניה,612,3.0
עבירות כלפי הרכוש,חניה,612,2.0
עבירות כלפי הרכוש,חניה,612,2.0
עבירות כלפי הרכוש,חניה,612,1.0
עבירות כלפי הרכוש,חניה,612,1.0
עבירות סדר ציבורי,חניה,612,6.0
עבירות סדר ציבורי,חניה,612,5.0
עבירות כלפי הרכוש,חניה,612,4.0
עבירות כלפי הרכוש,חניה,612,2.0
עבירות כלפי הרכוש,חניה,612,2.0
עבירות כלפי הרכוש,חניה,612,2.0
עבירות כלפי הרכוש,חניה,612,1.0
עבירות נגד גוף,"חדר מדרגות,מעליות",612,5.0
עבירות כלפי הרכוש,"חדר מדרגות,מעליות",612,3.0
עבירות נגד גוף,"חדר מדרגות,מעליות",612,6.0
עבירות כלפי הרכוש,"חדר מדרגות,מעליות",612,1.0
עבירות כלפי הרכוש,גג,612,3.0
עבירות נגד גוף,בית מגורים אחר,612,4.0
עבירות סדר ציבורי,בית הקרבן,612,6.0
עבירות נגד גוף,בית הקרבן,612,5.0
עבירות נגד גוף,בית הקרבן,612,4.0
עבירות כלפי הרכוש,בית הקרבן,612,4.0
עבירות סדר ציבורי,בית הקרבן,612,4.0
עבירות סדר ציבורי,בית הקרבן,612,4.0
עבירות סדר ציבורי,בית הקרבן,612,3.0
שאר עבירות,בית הקרבן,612,2.0
עבירות כלפי הרכוש,בית הקרבן,612,1.0
עבירות כלפי הרכוש,בית הקרבן,612,1.0
עבירות סדר ציבורי,בית הקרבן,612,6.0
עבירות כלפי הרכוש,בית הקרבן,612,6.0
עבירות סדר ציבורי,בית הקרבן,612,5.0
עבירות מין,בית הקרבן,612,3.0
עבירות סדר ציבורי,בית הקרבן,612,2.0
עבירות סדר ציבורי,בית הקרבן,612,1.0
עבירות סדר ציבורי,בית הקרבן,612,1.0
עבירות נגד גוף,בית הקרבן,612,1.0
עבירות סדר ציבורי,בית הקרבן,612,1.0
עבירות כלפי הרכוש,בית הקרבן,612,1.0
עבירות כלפי הרכוש,בית הקרבן,612,6.0
עבירות כלפי הרכוש,בית הקרבן,612,5.0
עבירות כלפי הרכוש,בית הקרבן,612,5.0
עבירות נגד גוף,בית הקרבן,612,5.0
עבירות סדר ציבורי,בית הקרבן,612,5.0
עבירות נגד גוף,בית הקרבן,612,5.0
עבירות כלפי הרכוש,בית הקרבן,612,4.0
עבירות נגד גוף,בית הקרבן,612,4.0
עבירות כלפי הרכוש,בית הקרבן,612,4.0
עבירות כלפי הרכוש,בית הקרבן,612,4.0
עבירות מרמה,בית הקרבן,612,3.0
עבירות נגד גוף,בית הקרבן,612,3.0
עבירות סדר ציבורי,בית הקרבן,612,1.0
עבירות סדר ציבורי,בית הקרבן,612,1.0
עבירות סדר ציבורי,בית הקרבן,612,6.0
עבירות סדר ציבורי,בית הקרבן,612,4.0
עבירות כלפי הרכוש,בית הקרבן,612,4.0
עבירות כלפי הרכוש,בית הקרבן,612,4.0
עבירות נגד גוף,בית הקרבן,612,3.0
עבירות כלפי הרכוש,בית הקרבן,612,2.0
עבירות כלפי הרכוש,בית הקרבן,612,2.0
עבירות סדר ציבורי,בית המבצע,612,4.0
עבירות כלפי המוסר,בית המבצע,612,1.0
עבירות כלפי המוסר,בית המבצע,612,1.0
עבירות סדר ציבורי,בית המבצע,612,5.0
עבירות סדר ציבורי,בית המבצע,612,4.0
עבירות כלפי המוסר,בית המבצע,612,2.0
עבירות סדר ציבורי,בית המבצע,612,1.0
עבירות סדר ציבורי,בית המבצע,612,3.0
עבירות כלפי המוסר,בית המבצע,612,2.0
עבירות כלפי הרכוש,בית המבצע,612,1.0
עבירות נגד גוף,בית-ספר יסודי,612,2.0
עבירות כלפי הרכוש,"אחר,שלא פורט לעיל",612,2.0
עבירות סדר ציבורי,תחנת רכבת,613,4.0
עבירות סדר ציבורי,רחוב,613,5.0
עבירות כלפי המוסר,רחוב,613,3.0
עבירות כלפי המוסר,רחוב,613,2.0
עבירות כלפי הרכוש,רחוב,613,1.0
עבירות כלפי הרכוש,רחוב,613,3.0
עבירות כלפי המוסר,רחוב,613,2.0
עבירות נגד גוף,רחוב,613,1.0
עבירות כלפי הרכוש,רחוב,613,5.0
עבירות כלפי הרכוש,רחוב,613,5.0
עבירות כלפי הרכוש,רחוב,613,1.0
עבירות כלפי הרכוש,רחוב,613,1.0
עבירות סדר ציבורי,רחוב,613,5.0
עבירות נגד גוף,רחוב,613,5.0
עבירות נגד גוף,רחוב,613,4.0
עבירות מין,רחוב,613,3.0
עבירות כלפי הרכוש,רחוב,613,1.0
עבירות כלפי הרכוש,רחוב,613,1.0
עבירות כלפי המוסר,רחוב,613,1.0
עבירות כלפי המוסר,רחוב,613,1.0
עבירות כלפי הרכוש,רחוב,613,1.0
עבירות כלפי הרכוש,רחוב,613,1.0
עבירות סדר ציבורי,מקומות אחרים,613,5.0
עבירות סדר ציבורי,מוסדות חנוך,613,1.0
עבירות סדר ציבורי,מוסדות חנוך,613,1.0
עבירות נגד גוף,מוסדות חנוך,613,1.0
עבירות סדר ציבורי,מוסד חנוך אחר,613,3.0
עבירות מין,מונית,613,4.0
עבירות נגד גוף,חצר בית,613,5.0
עבירות מין,חצר בית,613,6.0
עבירות כלפי הרכוש,חצר בית,613,2.0
עבירות כלפי הרכוש,חצר בית,613,1.0
עבירות נגד גוף,חצר בית,613,3.0
עבירות כלפי הרכוש,חצר בית,613,2.0
עבירות כלפי הרכוש,חצר בית,613,2.0
עבירות כלפי הרכוש,חניה,613,4.0
עבירות כלפי הרכוש,חניה,613,4.0
עבירות כלפי הרכוש,חניה,613,2.0
עבירות כלפי הרכוש,חניה,613,1.0
עבירות כלפי הרכוש,חניה,613,1.0
עבירות כלפי הרכוש,חניה,613,1.0
עבירות כלפי הרכוש,חניה,613,3.0
עבירות כלפי הרכוש,חניה,613,2.0
עבירות כלפי הרכוש,חנות מכולת,613,4.0
עבירות כלפי הרכוש,חנות מכולת,613,5.0
עבירות כלפי הרכוש,חנות מכולת,613,5.0
עבירות כלפי הרכוש,חנויות אחרות,613,1.0
עבירות כלפי הרכוש,חנויות אחרות,613,6.0
עבירות כלפי הרכוש,חנויות אחרות,613,3.0
עבירות סדר ציבורי,"חדר מדרגות,מעליות",613,3.0
עבירות סדר ציבורי,"חדר מדרגות,מעליות",613,4.0
עבירות כלפי המוסר,"חדר מדרגות,מעליות",613,3.0
עבירות נגד גוף,"חדר מדרגות,מעליות",613,1.0
עבירות כלפי הרכוש,גג,613,1.0
עבירות כלפי הרכוש,בית מגורים אחר,613,3.0
עבירות סדר ציבורי,בית מגורים אחר,613,3.0
עבירות סדר ציבורי,בית מגורים אחר,613,5.0
עבירות סדר ציבורי,בית מגורים אחר,613,4.0
עבירות כלפי הרכוש,בית מגורים אחר,613,3.0
עבירות כלפי הרכוש,בית מגורים אחר,613,3.0
עבירות כלפי המוסר,בית מגורים אחר,613,1.0
עבירות כלפי הרכוש,בית חולים,613,6.0
עבירות נגד גוף,בית הקרבן,613,5.0
שאר עבירות,בית הקרבן,613,6.0
עבירות סדר ציבורי,בית הקרבן,613,6.0
עבירות סדר ציבורי,בית הקרבן,613,5.0
עבירות סדר ציבורי,בית הקרבן,613,5.0
עבירות נגד גוף,בית הקרבן,613,4.0
עבירות כלפי הרכוש,בית הקרבן,613,4.0
עבירות סדר ציבורי,בית הקרבן,613,3.0
עבירות סדר ציבורי,בית הקרבן,613,3.0
עבירות סדר ציבורי,בית הקרבן,613,3.0
עבירות כלפי הרכוש,בית הקרבן,613,2.0
עבירות נגד גוף,בית הקרבן,613,2.0
עבירות כלפי הרכוש,בית הקרבן,613,2.0
עבירות נגד גוף,בית הקרבן,613,2.0
עבירות נגד גוף,בית הקרבן,613,1.0
עבירות נגד גוף,בית הקרבן,613,6.0
עבירות כלפי הרכוש,בית הקרבן,613,5.0
עבירות סדר ציבורי,בית הקרבן,613,5.0
עבירות כלפי הרכוש,בית הקרבן,613,5.0
עבירות נגד גוף,בית הקרבן,613,5.0
עבירות כלפי הרכוש,בית הקרבן,613,3.0
עבירות נגד גוף,בית הקרבן,613,3.0
עבירות נגד גוף,בית הקרבן,613,3.0
עבירות כלפי הרכוש,בית הקרבן,613,2.0
עבירות נגד גוף,בית הקרבן,613,2.0
עבירות נגד גוף,בית הקרבן,613,1.0
שאר עבירות,בית הקרבן,613,5.0
עבירות כלפי הרכוש,בית הקרבן,613,6.0
שאר עבירות,בית הקרבן,613,5.0
עבירות כלפי הרכוש,בית הקרבן,613,6.0
עבירות נגד גוף,בית הקרבן,613,5.0
עבירות נגד גוף,בית הקרבן,613,4.0
עבירות כלפי הרכוש,בית הקרבן,613,3.0
עבירות כלפי הרכוש,בית הקרבן,613,3.0
עבירות סדר ציבורי,בית הקרבן,613,3.0
עבירות סדר ציבורי,בית הקרבן,613,3.0
עבירות סדר ציבורי,בית הקרבן,613,1.0
עבירות נגד גוף,בית הקרבן,613,2.0
עבירות סדר ציבורי,בית הקרבן,613,2.0
עבירות כלפי הרכוש,בית הקרבן,613,2.0
עבירות מרמה,בית הקרבן,613,1.0
עבירות כלפי הרכוש,בית הקרבן,613,6.0
עבירות סדר ציבורי,בית הקרבן,613,6.0
עבירות כלפי הרכוש,בית הקרבן,613,5.0
עבירות כלפי הרכוש,בית הקרבן,613,5.0
עבירות כלפי הרכוש,בית הקרבן,613,5.0
עבירות כלפי המוסר,בית הקרבן,613,3.0
עבירות נגד גוף,בית הקרבן,613,3.0
עבירות כלפי הרכוש,בית הקרבן,613,2.0
עבירות כלפי הרכוש,בית הקרבן,613,1.0
עבירות סדר ציבורי,בית המבצע,613,5.0
עבירות כלפי המוסר,בית המבצע,613,1.0
עבירות סדר ציבורי,בית המבצע,613,4.0
עבירות כלפי המוסר,בית המבצע,613,5.0
עבירות סדר ציבורי,בית המבצע,613,2.0
עבירות סדר ציבורי,בית המבצע,613,1.0
עבירות סדר ציבורי,בית המבצע,613,6.0
עבירות נגד גוף,בית המבצע,613,5.0
עבירות סדר ציבורי,בית המבצע,613,4.0
עבירות כלפי המוסר,בית המבצע,613,3.0
עבירות כלפי הרכוש,בית המבצע,613,3.0
עבירות נגד גוף,בית המבצע,613,1.0
עבירות כלפי המוסר,בית המבצע,613,1.0
עבירות כלפי המוסר,בית המבצע,613,1.0
עבירות כלפי הרכוש,בית המבצע,613,1.0
עבירות כלפי המוסר,בית המבצע,613,1.0
עבירות כלפי המוסר,בית המבצע,613,1.0
עבירות כלפי הרכוש,בית-קפה/מסעדה,613,1.0
עבירות כלפי הרכוש,בית-קפה/מסעדה,613,1.0
עבירות כלפי הרכוש,בית-ספר יסודי,613,6.0
עבירות סדר ציבורי,"בי""ס תיכון כללי  ",613,2.0
עבירות סדר ציבורי,"בי""ס תיכון כללי  ",613,1.0
עבירות נגד גוף,"בי""ס תיכון כללי  ",613,1.0
עבירות כלפי המוסר,"אחר,שלא פורט לעיל",613,3.0
עבירות כלפי המוסר,"אחר,שלא פורט לעיל",613,3.0
עבירות כלפי הרכוש,"אחר,שלא פורט לעיל",613,1.0
עבירות כלפי המוסר,רחוב,621,5.0
עבירות רשוי,רחוב,621,5.0
עבירות כלפי הרכוש,רחוב,621,3.0
עבירות כלפי המוסר,רחוב,621,2.0
עבירות כלפי המוסר,רחוב,621,1.0
עבירות סדר ציבורי,רחוב,621,6.0
עבירות סדר ציבורי,רחוב,621,5.0
עבירות כלפי הרכוש,רחוב,621,5.0
עבירות כלפי הרכוש,רחוב,621,2.0
עבירות כלפי הרכוש,רחוב,621,5.0
עבירות מין,רחוב,621,5.0
עבירות נגד גוף,רחוב,621,5.0
עבירות נגד גוף,רחוב,621,4.0
עבירות סדר ציבורי,רחוב,621,3.0
עבירות מרמה,רחוב,621,3.0
עבירות כלפי הרכוש,רחוב,621,1.0
עבירות כלפי הרכוש,רחוב,621,6.0
עבירות כלפי המוסר,רחוב,621,5.0
עבירות כלפי המוסר,רחוב,621,3.0
עבירות כלפי המוסר,רחוב,621,3.0
עבירות סדר ציבורי,רחוב,621,1.0
עבירות סדר ציבורי,רחוב,621,1.0
עבירות סדר ציבורי,משרדים,621,2.0
עבירות סדר ציבורי,משרד פרטי,621,1.0
עבירות כלפי הרכוש,מחסן-מקלט,621,2.0
עבירות סדר ציבורי,מחסן-מקלט,621,2.0
עבירות סדר ציבורי,מוסדות חנוך,621,5.0
עבירות נגד גוף,מוסד ציבור אחר,621,2.0
עבירות סדר ציבורי,מוסד חנוך אחר,621,5.0
עבירות סדר ציבורי,מוסד חנוך אחר,621,4.0
עבירות כלפי הרכוש,כביש עירוני,621,3.0
עבירות סדר ציבורי,טלפון,621,6.0
עבירות סדר ציבורי,טלפון,621,5.0
עבירות נגד גוף,חצר בית,621,5.0
עבירות כלפי הרכוש,חצר בית,621,4.0
עבירות סדר ציבורי,חצר בית,621,5.0
עבירות סדר ציבורי,חצר בית,621,5.0
עבירות סדר ציבורי,חצר בית,621,5.0
עבירות סדר ציבורי,חצר בית,621,1.0
עבירות כלפי הרכוש,חניה,621,6.0
עבירות כלפי הרכוש,חניה,621,5.0
עבירות כלפי הרכוש,חניה,621,4.0
עבירות כלפי הרכוש,חניה,621,3.0
עבירות כלפי הרכוש,חניה,621,2.0
עבירות כלפי הרכוש,חניה,621,1.0
עבירות כלפי הרכוש,חניה,621,6.0
עבירות כלפי הרכוש,חניה,621,1.0
עבירות כלפי הרכוש,חניה,621,6.0
עבירות כלפי הרכוש,חניה,621,6.0
עבירות כלפי הרכוש,חניה,621,3.0
עבירות כלפי הרכוש,חניה,621,3.0
עבירות כלפי הרכוש,חניה,621,2.0
עבירות כלפי הרכוש,חניה,621,6.0
עבירות נגד גוף,חניה,621,5.0
עבירות כלפי הרכוש,חניה,621,4.0
עבירות כלפי הרכוש,חניה,621,2.0
עבירות כלפי הרכוש,חניה,621,2.0
עבירות כלפי הרכוש,חניה,621,1.0
עבירות כלפי הרכוש,חניה,621,1.0
עבירות כלפי הרכוש,חנות מכולת,621,5.0
עבירות כלפי הרכוש,חנות מכולת,621,4.0
עבירות כלפי הרכוש,חנות מכולת,621,1.0
עבירות כלפי הרכוש,"חדר מדרגות,מעליות",621,5.0
עבירות נגד גוף,"חדר מדרגות,מעליות",621,5.0
עבירות כלפי המוסר,גן ציבורי - פארק,621,5.0
עבירות כלפי המוסר,גן ציבורי - פארק,621,6.0
עבירות כלפי המוסר,גן ציבורי - פארק,621,5.0
עבירות נגד גוף,גן ילדים,621,1.0
עבירות כלפי המוסר,בית מגורים אחר,621,3.0
עבירות כלפי הרכוש,בית חולים,621,4.0
עבירות סדר ציבורי,בית חולים,621,3.0
עבירות סדר ציבורי,בית חולים,621,3.0
עבירות כלפי הרכוש,בית חולים,621,2.0
עבירות כלפי המוסר,בית חולים,621,2.0
עבירות נגד גוף,בית חולים,621,2.0
עבירות סדר ציבורי,בית חולים,621,1.0
עבירות סדר ציבורי,בית חולים,621,6.0
עבירות סדר ציבורי,בית חולים,621,6.0
עבירות נגד גוף,בית חולים,621,6.0
עבירות סדר ציבורי,בית חולים,621,5.0
עבירות סדר ציבורי,בית חולים,621,4.0
עבירות כלפי הרכוש,בית חולים,621,1.0
עבירות כלפי הרכוש,בית חולים,621,6.0
עבירות סדר ציבורי,בית חולים,621,6.0
עבירות נגד גוף,בית חולים,621,5.0
עבירות סדר ציבורי,בית חולים,621,5.0
עבירות כלפי הרכוש,בית חולים,621,4.0
עבירות כלפי הרכוש,בית חולים,621,3.0
עבירות נגד גוף,בית חולים,621,2.0
עבירות סדר ציבורי,בית חולים,621,2.0
עבירות כלפי הרכוש,בית חולים,621,2.0
עבירות כלפי הרכוש,בית חולים,621,1.0
עבירות נגד גוף,בית חולים,621,1.0
עבירות סדר ציבורי,בית חולים,621,1.0
עבירות סדר ציבורי,בית חולים,621,6.0
עבירות סדר ציבורי,בית חולים,621,6.0
עבירות סדר ציבורי,בית חולים,621,4.0
עבירות סדר ציבורי,בית חולים,621,3.0
עבירות כלפי הרכוש,בית חולים,621,3.0
עבירות סדר ציבורי,בית חולים,621,2.0
עבירות נגד גוף,בית הקרבן,621,6.0
עבירות סדר ציבורי,בית הקרבן,621,6.0
עבירות סדר ציבורי,בית הקרבן,621,6.0
עבירות כלפי הרכוש,בית הקרבן,621,5.0
עבירות כלפי הרכוש,בית הקרבן,621,5.0
עבירות נגד גוף,בית הקרבן,621,4.0
עבירות כלפי הרכוש,בית הקרבן,621,4.0
עבירות כלפי הרכוש,בית הקרבן,621,3.0
עבירות כלפי הרכוש,בית הקרבן,621,3.0
עבירות סדר ציבורי,בית הקרבן,621,6.0
עבירות כלפי הרכוש,בית הקרבן,621,5.0
עבירות כלפי הרכוש,בית הקרבן,621,5.0
עבירות כלפי הרכוש,בית הקרבן,621,3.0
עבירות סדר ציבורי,בית הקרבן,621,4.0
עבירות כלפי הרכוש,בית הקרבן,621,3.0
עבירות כלפי הרכוש,בית הקרבן,621,3.0
עבירות כלפי הרכוש,בית הקרבן,621,3.0
עבירות נגד גוף,בית הקרבן,621,2.0
עבירות כלפי הרכוש,בית הקרבן,621,2.0
עבירות כלפי הרכוש,בית הקרבן,621,1.0
עבירות סדר ציבורי,בית הקרבן,621,6.0
עבירות נגד גוף,בית הקרבן,621,5.0
עבירות סדר ציבורי,בית הקרבן,621,5.0
עבירות כלפי הרכוש,בית הקרבן,621,4.0
עבירות כלפי הרכוש,בית הקרבן,621,4.0
עבירות כלפי הרכוש,בית הקרבן,621,4.0
עבירות מרמה,בית הקרבן,621,3.0
עבירות סדר ציבורי,בית הקרבן,621,2.0
עבירות כלפי הרכוש,בית הקרבן,621,2.0
עבירות נגד גוף,בית הקרבן,621,1.0
עבירות כלפי הרכוש,בית הקרבן,621,1.0
עבירות סדר ציבורי,בית הקרבן,621,6.0
עבירות כלפי הרכוש,בית הקרבן,621,6.0
עבירות סדר ציבורי,בית הקרבן,621,4.0
עבירות כלפי הרכוש,בית הקרבן,621,4.0
עבירות כלפי הרכוש,בית הקרבן,621,3.0
עבירות כלפי הרכוש,בית הקרבן,621,3.0
עבירות כלפי הרכוש,בית הקרבן,621,3.0
עבירות כלפי הרכוש,בית הקרבן,621,3.0
עבירות סדר ציבורי,בית הקרבן,621,3.0
עבירות כלפי הרכוש,בית הקרבן,621,2.0
עבירות כלפי הרכוש,בית הקרבן,621,2.0
עבירות כלפי הרכוש,בית המבצע,621,1.0
עבירות כלפי הרכוש,בית המבצע,621,1.0
עבירות סדר ציבורי,בית המבצע,621,4.0
עבירות כלפי המוסר,בית המבצע,621,2.0
עבירות סדר ציבורי,בית המבצע,621,3.0
עבירות כלפי הרכוש,בית המבצע,621,1.0
עבירות בטחון,בית המבצע,621,5.0
עבירות בטחון,בית המבצע,621,5.0
עבירות כלפי המוסר,בית המבצע,621,4.0
עבירות סדר ציבורי,בית המבצע,621,1.0
עבירות כלפי הרכוש,בית המבצע,621,2.0
עבירות סדר ציבורי,בית המבצע,621,5.0
עבירות מרמה,בית המבצע,621,2.0
עבירות סדר ציבורי,בית המבצע,621,1.0
עבירות מין,בית-ספר יסודי,621,2.0
עבירות כלפי הרכוש,בית-ספר יסודי,621,5.0
עבירות נגד גוף,"אחר,שלא פורט לעיל",621,5.0
עבירות סדר ציבורי,"אחר,שלא פורט לעיל",621,4.0
עבירות מרמה,רחוב,622,4.0
עבירות כלפי המוסר,רחוב,622,6.0
עבירות סדר ציבורי,רחוב,622,5.0
עבירות כלפי הרכוש,רחוב,622,1.0
עבירות סדר ציבורי,רחוב,622,1.0
עבירות סדר ציבורי,רחוב,622,3.0
עבירות סדר ציבורי,רחוב,622,4.0
עבירות סדר ציבורי,רחוב,622,3.0
עבירות נגד גוף,רחוב,622,6.0
עבירות כלפי המוסר,רחוב,622,5.0
עבירות נגד גוף,רחוב,622,1.0
עבירות סדר ציבורי,רחוב,622,1.0
עבירות כלפי הרכוש,מוסד בריאות אחר,622,3.0
עבירות סדר ציבורי,חצר בית,622,3.0
עבירות כלפי הרכוש,חצר בית,622,3.0
עבירות כלפי הרכוש,חצר בית,622,2.0
עבירות כלפי הרכוש,חצר בית,622,6.0
עבירות כלפי הרכוש,חצר בית,622,5.0
עבירות כלפי הרכוש,חצר בית,622,2.0
עבירות כלפי הרכוש,חצר בית,622,2.0
עבירות כלפי הרכוש,חצר בית,622,5.0
עבירות כלפי הרכוש,חניה,622,5.0
עבירות כלפי הרכוש,חניה,622,3.0
עבירות כלפי הרכוש,חניה,622,6.0
עבירות כלפי הרכוש,חניה,622,4.0
עבירות כלפי הרכוש,חניה,622,3.0
עבירות כלפי הרכוש,חניה,622,6.0
עבירות סדר ציבורי,חניה,622,6.0
עבירות כלפי הרכוש,חניה,622,1.0
עבירות כלפי הרכוש,חניה,622,5.0
עבירות כלפי הרכוש,חניה,622,3.0
עבירות כלפי הרכוש,חנויות אחרות,622,5.0
עבירות סדר ציבורי,חנויות אחרות,622,3.0
עבירות סדר ציבורי,"חדר מדרגות,מעליות",622,2.0
עבירות סדר ציבורי,"חדר מדרגות,מעליות",622,2.0
עבירות נגד גוף,"חדר מדרגות,מעליות",622,2.0
עבירות נגד גוף,גן ילדים,622,2.0
עבירות כלפי הרכוש,גג,622,3.0
עבירות מרמה,בנק,622,5.0
עבירות מרמה,בנק,622,5.0
עבירות מרמה,בנק,622,5.0
עבירות סדר ציבורי,בית מגורים אחר,622,6.0
עבירות נגד גוף,בית חולים,622,2.0
עבירות כלפי הרכוש,בית חולים,622,1.0
עבירות סדר ציבורי,בית חולים,622,1.0
עבירות סדר ציבורי,בית חולים,622,2.0
עבירות סדר ציבורי,בית חולים,622,2.0
עבירות כלפי הרכוש,בית חולים,622,3.0
עבירות כלפי הרכוש,בית הקרבן,622,6.0
עבירות סדר ציבורי,בית הקרבן,622,5.0
עבירות כלפי הרכוש,בית הקרבן,622,4.0
עבירות סדר ציבורי,בית הקרבן,622,3.0
עבירות נגד גוף,בית הקרבן,622,3.0
עבירות כלפי הרכוש,בית הקרבן,622,3.0
עבירות נגד גוף,בית הקרבן,622,3.0
עבירות כלפי הרכוש,בית הקרבן,622,3.0
עבירות כלפי הרכוש,בית הקרבן,622,2.0
עבירות כלפי הרכוש,בית הקרבן,622,2.0
עבירות כלפי הרכוש,בית הקרבן,622,6.0
עבירות סדר ציבורי,בית הקרבן,622,6.0
עבירות נגד גוף,בית הקרבן,622,6.0
עבירות סדר ציבורי,בית הקרבן,622,6.0
עבירות נגד גוף,בית הקרבן,622,6.0
עבירות נגד גוף,בית הקרבן,622,5.0
עבירות כלפי הרכוש,בית הקרבן,622,5.0
עבירות סדר ציבורי,בית הקרבן,622,1.0
עבירות כלפי הרכוש,בית הקרבן,622,6.0
עבירות סדר ציבורי,בית הקרבן,622,6.0
עבירות מרמה,בית הקרבן,622,4.0
עבירות כלפי הרכוש,בית הקרבן,622,3.0
עבירות נגד גוף,בית הקרבן,622,1.0
עבירות סדר ציבורי,בית הקרבן,622,6.0
עבירות מרמה,בית הקרבן,622,4.0
עבירות נגד גוף,בית הקרבן,622,4.0
עבירות כלפי הרכוש,בית הקרבן,622,4.0
עבירות כלפי הרכוש,בית הקרבן,622,3.0
עבירות נגד גוף,בית הקרבן,622,3.0
עבירות סדר ציבורי,בית הקרבן,622,3.0
עבירות כלפי הרכוש,בית הקרבן,622,2.0
עבירות מרמה,בית הקרבן,622,2.0
עבירות כלפי הרכוש,בית הקרבן,622,1.0
עבירות סדר ציבורי,בית המבצע,622,6.0
עבירות כלפי הרכוש,בית המבצע,622,4.0
עבירות סדר ציבורי,בית המבצע,622,4.0
עבירות כלפי הרכוש,בית המבצע,622,4.0
עבירות כלפי הרכוש,בית המבצע,622,3.0
עבירות סדר ציבורי,בית המבצע,622,4.0
עבירות סדר ציבורי,בית המבצע,622,4.0
עבירות כלפי המוסר,בית המבצע,622,4.0
עבירות כלפי המוסר,בית המבצע,622,3.0
עבירות נגד גוף,בית המבצע,622,1.0
עבירות סדר ציבורי,בית המבצע,622,4.0
עבירות כלפי המוסר,בית המבצע,622,4.0
עבירות כלפי המוסר,בית המבצע,622,4.0
עבירות סדר ציבורי,בית-ספר יסודי,622,4.0
עבירות כלפי הרכוש,בית-ספר יסודי,622,4.0
עבירות כלפי המוסר,"בי""ס תיכון כללי  ",622,2.0
עבירות כלפי המוסר,"בי""ס תיכון כללי  ",622,2.0
עבירות סדר ציבורי,אוטובוס,622,6.0
עבירות כלפי הרכוש,אוטובוס,622,3.0
עבירות נגד גוף,רחוב,623,2.0
עבירות כלפי המוסר,מחסן-מקלט,623,4.0
עבירות כלפי הרכוש,חצר בית,623,6.0
עבירות כלפי הרכוש,חצר בית,623,6.0
עבירות נגד גוף,חצר בית,623,1.0
עבירות כלפי הרכוש,חצר בית,623,1.0
עבירות כלפי הרכוש,חניון,623,2.0
עבירות כלפי הרכוש,חניון,623,2.0
עבירות כלפי הרכוש,חניה,623,6.0
עבירות כלפי הרכוש,חניה,623,4.0
עבירות כלפי הרכוש,חניה,623,2.0
עבירות כלפי הרכוש,חניה,623,1.0
עבירות כלפי הרכוש,חניה,623,6.0
עבירות כלפי הרכוש,חניה,623,4.0
עבירות כלפי הרכוש,חניה,623,3.0
עבירות כלפי הרכוש,חניה,623,2.0
עבירות כלפי הרכוש,"חדר מדרגות,מעליות",623,6.0
עבירות כלפי הרכוש,"חדר מדרגות,מעליות",623,5.0
עבירות סדר ציבורי,בית מגורים אחר,623,2.0
עבירות כלפי הרכוש,בית מגורים אחר,623,5.0
עבירות כלפי הרכוש,בית מגורים אחר,623,2.0
עבירות נגד גוף,בית מגורים אחר,623,2.0
עבירות סדר ציבורי,בית מגורים אחר,623,5.0
עבירות נגד גוף,בית הקרבן,623,6.0
עבירות סדר ציבורי,בית הקרבן,623,5.0
עבירות כלפי הרכוש,בית הקרבן,623,4.0
עבירות נגד גוף,בית הקרבן,623,1.0
עבירות נגד גוף,בית הקרבן,623,5.0
עבירות כלפי הרכוש,בית הקרבן,623,4.0
עבירות כלפי הרכוש,בית הקרבן,623,4.0
עבירות נגד גוף,בית הקרבן,623,2.0
עבירות סדר ציבורי,בית הקרבן,623,6.0
עבירות כלפי הרכוש,בית הקרבן,623,4.0
עבירות כלפי הרכוש,בית הקרבן,623,4.0
עבירות כלפי הרכוש,בית הקרבן,623,3.0
עבירות כלפי הרכוש,בית הקרבן,623,3.0
עבירות כלפי הרכוש,בית הקרבן,623,2.0
עבירות סדר ציבורי,בית הקרבן,623,1.0
עבירות כלפי הרכוש,בית הקרבן,623,1.0
עבירות מרמה,בית הקרבן,623,2.0
עבירות סדר ציבורי,בית המבצע,623,6.0
עבירות סדר ציבורי,בית המבצע,623,2.0
עבירות סדר ציבורי,בית המבצע,623,5.0
עבירות סדר ציבורי,בית המבצע,623,4.0
עבירות נגד גוף,בית המבצע,623,2.0
עבירות נגד גוף,בית המבצע,623,2.0
עבירות סדר ציבורי,בית המבצע,623,6.0
עבירות כלפי הרכוש,"תאטרון,אופרה וכד.",631,4.0
עבירות סדר ציבורי,"תאטרון,אופרה וכד.",631,3.0
עבירות כלפי הרכוש,רחוב,631,6.0
עבירות כלפי הרכוש,רחוב,631,6.0
עבירות כלפי הרכוש,רחוב,631,4.0
עבירות כלפי הרכוש,רחוב,631,5.0
עבירות כלפי הרכוש,רחוב,631,5.0
עבירות כלפי הרכוש,רחוב,631,5.0
עבירות כלפי המוסר,רחוב,631,3.0
עבירות כלפי המוסר,רחוב,631,2.0
עבירות סדר ציבורי,רחוב,631,2.0
עבירות כלפי הרכוש,רחוב,631,1.0
עבירות כלפי הרכוש,רחוב,631,5.0
עבירות כלפי הרכוש,רחוב,631,5.0
עבירות רשוי,רחוב,631,5.0
עבירות כלפי הרכוש,רחוב,631,4.0
עבירות כלפי המוסר,רחוב,631,4.0
עבירות כלפי המוסר,רחוב,631,3.0
עבירות כלפי הרכוש,רחוב,631,6.0
עבירות כלפי הרכוש,רחוב,631,6.0
עבירות סדר ציבורי,רחוב,631,5.0
עבירות כלפי הרכוש,רחוב,631,5.0
עבירות כלפי המוסר,רחוב,631,5.0
עבירות כלפי הרכוש,רחוב,631,4.0
עבירות כלפי הרכוש,רחוב,631,4.0
עבירות בטחון,רחוב,631,1.0
עבירות כלפי הרכוש,רחוב,631,5.0
עבירות כלפי הרכוש,רחוב,631,5.0
עבירות כלפי הרכוש,רחוב,631,6.0
עבירות כלפי הרכוש,רחוב,631,6.0
עבירות מין,רחוב,631,5.0
עבירות סדר ציבורי,רחוב,631,6.0
עבירות סדר ציבורי,רחוב,631,5.0
עבירות נגד גוף,רחוב,631,5.0
עבירות כלפי הרכוש,רחוב,631,4.0
עבירות כלפי הרכוש,רחוב,631,4.0
עבירות כלפי הרכוש,רחוב,631,3.0
עבירות כלפי המוסר,רחוב,631,2.0
עבירות סדר ציבורי,רחוב,631,1.0
עבירות נגד גוף,רחוב,631,1.0
עבירות נגד גוף,רחוב,631,1.0
עבירות בטחון,רחוב,631,1.0
עבירות כלפי הרכוש,משרדים,631,4.0
עבירות כלפי הרכוש,משרדים,631,3.0
עבירות כלפי הרכוש,מק.הארחה/בלוי אחר,631,2.0
עבירות סדר ציבורי,מק.הארחה/בלוי אחר,631,2.0
עבירות כלפי הרכוש,מק.הארחה/בלוי אחר,631,2.0
עבירות סדר ציבורי,מק.הארחה/בלוי אחר,631,2.0
עבירות סדר ציבורי,מק.הארחה/בלוי אחר,631,2.0
עבירות כלפי הרכוש,מחסן-מקלט,631,6.0
עבירות כלפי הרכוש,מועדון,631,6.0
עבירות סדר ציבורי,טלפון,631,4.0
עבירות סדר ציבורי,טלפון,631,3.0
עבירות סדר ציבורי,טלפון,631,2.0
עבירות כלפי הרכוש,חצר בית,631,4.0
עבירות סדר ציבורי,חצר בית,631,3.0
עבירות כלפי הרכוש,חצר בית,631,5.0
עבירות כלפי הרכוש,חצר בית,631,6.0
עבירות נגד גוף,חצר בית,631,3.0
עבירות סדר ציבורי,חצר בית,631,2.0
עבירות כלפי הרכוש,חצר בית,631,1.0
עבירות כלפי הרכוש,חניון,631,1.0
עבירות כלפי הרכוש,חניה,631,5.0
עבירות סדר ציבורי,חניה,631,6.0
עבירות כלפי הרכוש,חניה,631,3.0
עבירות כלפי הרכוש,חניה,631,6.0
עבירות כלפי הרכוש,חניה,631,1.0
עבירות כלפי הרכוש,חנות מכולת,631,1.0
עבירות כלפי הרכוש,חנויות אחרות,631,5.0
עבירות כלפי הרכוש,חנויות אחרות,631,5.0
עבירות כלפי הרכוש,חנויות אחרות,631,1.0
עבירות כלפי הרכוש,חנויות אחרות,631,6.0
עבירות כלפי הרכוש,חנויות אחרות,631,1.0
עבירות נגד גוף,"חדר מדרגות,מעליות",631,5.0
עבירות נגד גוף,"חדר מדרגות,מעליות",631,4.0
עבירות כלפי הרכוש,"חדר מדרגות,מעליות",631,3.0
עבירות סדר ציבורי,"חדר מדרגות,מעליות",631,2.0
עבירות כלפי הרכוש,"חדר מדרגות,מעליות",631,2.0
עבירות כלפי המוסר,גן ציבורי - פארק,631,5.0
עבירות כלפי הרכוש,גן ציבורי - פארק,631,6.0
עבירות סדר ציבורי,גן ציבורי - פארק,631,5.0
עבירות נגד גוף,גן ציבורי - פארק,631,6.0
עבירות נגד גוף,גן ילדים,631,5.0
עבירות נגד גוף,בית מגורים אחר,631,6.0
עבירות כלפי המוסר,בית מגורים אחר,631,5.0
עבירות כלפי המוסר,בית מגורים אחר,631,5.0
עבירות כלפי הרכוש,בית מגורים אחר,631,5.0
עבירות נגד גוף,בית מגורים אחר,631,4.0
עבירות כלפי הרכוש,בית מגורים אחר,631,2.0
עבירות מין,בית הקרבן,631,6.0
עבירות סדר ציבורי,בית הקרבן,631,6.0
עבירות כלפי המוסר,בית הקרבן,631,6.0
עבירות כלפי הרכוש,בית הקרבן,631,6.0
עבירות כלפי הרכוש,בית הקרבן,631,6.0
עבירות נגד גוף,בית הקרבן,631,5.0
עבירות נגד גוף,בית הקרבן,631,4.0
עבירות כלפי הרכוש,בית הקרבן,631,4.0
עבירות נגד גוף,בית הקרבן,631,2.0
עבירות כלפי הרכוש,בית הקרבן,631,1.0
עבירות כלפי הרכוש,בית הקרבן,631,1.0
עבירות כלפי הרכוש,בית הקרבן,631,6.0
עבירות סדר ציבורי,בית הקרבן,631,6.0
עבירות נגד גוף,בית הקרבן,631,6.0
עבירות כלפי הרכוש,בית הקרבן,631,5.0
עבירות נגד גוף,בית הקרבן,631,4.0
עבירות כלפי הרכוש,בית הקרבן,631,4.0
עבירות כלפי הרכוש,בית הקרבן,631,4.0
עבירות כלפי הרכוש,בית הקרבן,631,2.0
עבירות כלפי הרכוש,בית הקרבן,631,2.0
עבירות כלפי הרכוש,בית הקרבן,631,1.0
עבירות סדר ציבורי,בית הקרבן,631,1.0
עבירות כלפי הרכוש,בית הקרבן,631,6.0
עבירות כלפי הרכוש,בית הקרבן,631,6.0
עבירות נגד גוף,בית הקרבן,631,6.0
עבירות סדר ציבורי,בית הקרבן,631,5.0
עבירות כלפי הרכוש,בית הקרבן,631,5.0
עבירות נגד גוף,בית הקרבן,631,5.0
עבירות סדר ציבורי,בית הקרבן,631,5.0
עבירות כלפי הרכוש,בית הקרבן,631,5.0
עבירות סדר ציבורי,בית הקרבן,631,5.0
עבירות כלפי הרכוש,בית הקרבן,631,4.0
עבירות נגד גוף,בית הקרבן,631,4.0
עבירות כלפי הרכוש,בית הקרבן,631,4.0
עבירות סדר ציבורי,בית הקרבן,631,1.0
עבירות מרמה,בית הקרבן,631,1.0
עבירות סדר ציבורי,בית הקרבן,631,1.0
עבירות מין,בית הקרבן,631,1.0
עבירות כלפי הרכוש,בית הקרבן,631,6.0
עבירות כלפי הרכוש,בית הקרבן,631,6.0
עבירות כלפי הרכוש,בית הקרבן,631,6.0
עבירות כלפי הרכוש,בית הקרבן,631,6.0
עבירות כלפי הרכוש,בית הקרבן,631,6.0
עבירות כלפי הרכוש,בית הקרבן,631,4.0
עבירות כלפי הרכוש,בית הקרבן,631,4.0
עבירות סדר ציבורי,בית הקרבן,631,2.0
עבירות כלפי הרכוש,בית הקרבן,631,1.0
עבירות סדר ציבורי,בית המבצע,631,5.0
עבירות סדר ציבורי,בית המבצע,631,4.0
עבירות נגד גוף,בית המבצע,631,6.0
עבירות נגד גוף,בית המבצע,631,6.0
עבירות כלפי המוסר,בית המבצע,631,4.0
עבירות סדר ציבורי,בית המבצע,631,2.0
עבירות כלפי המוסר,בית המבצע,631,1.0
עבירות סדר ציבורי,בית המבצע,631,1.0
עבירות סדר ציבורי,בית המבצע,631,6.0
עבירות נגד גוף,בית המבצע,631,6.0
עבירות כלפי המוסר,בית המבצע,631,6.0
עבירות סדר ציבורי,בית המבצע,631,3.0
עבירות נגד גוף,בית המבצע,631,3.0
עבירות כלפי המוסר,בית המבצע,631,3.0
עבירות כלכליות,בית המבצע,631,2.0
עבירות כלפי המוסר,בית המבצע,631,1.0
עבירות סדר ציבורי,בית בושת,631,1.0
עבירות כלפי המוסר,בית בושת,631,1.0
עבירות סדר ציבורי,בית אבות,631,1.0
עבירות סדר ציבורי,בית אבות,631,1.0
עבירות נגד גוף,בית-קפה/מסעדה,631,3.0
עבירות כלפי הרכוש,בית-קפה/מסעדה,631,3.0
עבירות נגד גוף,בית-ספר יסודי,631,3.0
עבירות נגד גוף,"אחר,שלא פורט לעיל",631,6.0
עבירות כלפי הרכוש,"אחר,שלא פורט לעיל",631,4.0
עבירות נגד גוף,"אחר,שלא פורט לעיל",631,5.0
עבירות מין,אוטובוס,631,5.0
עבירות נגד גוף,מוסד כספי אחר,632,2.0
עבירות סדר ציבורי,מוסד כספי אחר,632,2.0
עבירות כלפי הרכוש,תחנת אוטובוס,632,2.0
עבירות כלפי המוסר,רכב פרטי,632,6.0
עבירות סדר ציבורי,רחוב,632,6.0
עבירות כלפי הרכוש,רחוב,632,6.0
עבירות סדר ציבורי,רחוב,632,5.0
עבירות כלפי המוסר,רחוב,632,4.0
עבירות סדר ציבורי,רחוב,632,3.0
עבירות נגד גוף,רחוב,632,3.0
עבירות כלפי הרכוש,רחוב,632,3.0
עבירות כלפי המוסר,רחוב,632,2.0
עבירות כלפי הרכוש,רחוב,632,1.0
עבירות כלפי המוסר,רחוב,632,1.0
עבירות נגד גוף,רחוב,632,6.0
עבירות כלפי הרכוש,רחוב,632,6.0
עבירות סדר ציבורי,רחוב,632,6.0
עבירות כלפי הרכוש,רחוב,632,6.0
עבירות סדר ציבורי,רחוב,632,5.0
עבירות כלפי הרכוש,רחוב,632,4.0
עבירות סדר ציבורי,רחוב,632,3.0
עבירות נגד גוף,רחוב,632,3.0
עבירות כלפי המוסר,רחוב,632,2.0
עבירות סדר ציבורי,רחוב,632,2.0
עבירות כלפי הרכוש,רחוב,632,1.0
עבירות נגד גוף,רחוב,632,1.0
עבירות נגד גוף,רחוב,632,6.0
עבירות סדר ציבורי,רחוב,632,6.0
עבירות כלפי הרכוש,רחוב,632,6.0
עבירות כלפי המוסר,רחוב,632,5.0
עבירות סדר ציבורי,רחוב,632,5.0
עבירות כלפי הרכוש,רחוב,632,5.0
עבירות סדר ציבורי,רחוב,632,3.0
עבירות כלפי הרכוש,רחוב,632,3.0
עבירות כלפי הרכוש,רחוב,632,2.0
עבירות כלפי הרכוש,רחוב,632,2.0
עבירות סדר ציבורי,רחוב,632,2.0
עבירות כלפי הרכוש,רחוב,632,1.0
עבירות כלפי הרכוש,רחוב,632,1.0
עבירות כלפי הרכוש,רחוב,632,1.0
עבירות כלפי הרכוש,רחוב,632,1.0
עבירות כלפי הרכוש,רחוב,632,6.0
עבירות סדר ציבורי,רחוב,632,6.0
עבירות כלפי המוסר,רחוב,632,6.0
עבירות נגד גוף,רחוב,632,5.0
עבירות כלפי המוסר,רחוב,632,5.0
עבירות סדר ציבורי,רחוב,632,3.0
עבירות כלפי הרכוש,רחוב,632,3.0
עבירות כלפי המוסר,רחוב,632,3.0
עבירות סדר ציבורי,רחוב,632,3.0
עבירות סדר ציבורי,רחוב,632,2.0
עבירות סדר ציבורי,רחוב,632,1.0
עבירות כלפי הרכוש,רחוב,632,1.0
עבירות מרמה,סניף דואר,632,2.0
עבירות נגד גוף,סניף דואר,632,2.0
עבירות סדר ציבורי,סניף דואר,632,3.0
עבירות סדר ציבורי,משרדים,632,6.0
עבירות סדר ציבורי,משרדים,632,6.0
עבירות סדר ציבורי,משרדים,632,2.0
עבירות כלפי הרכוש,מועדון,632,3.0
עבירות נגד גוף,מונית,632,1.0
עבירות כלפי הרכוש,כביש עירוני,632,3.0
עבירות סדר ציבורי,טלפון,632,5.0
עבירות סדר ציבורי,טלפון,632,1.0
עבירות סדר ציבורי,טלפון,632,6.0
עבירות סדר ציבורי,טלפון,632,5.0
עבירות כלפי הרכוש,חצר בית,632,4.0
עבירות נגד גוף,חצר בית,632,3.0
עבירות כלפי הרכוש,חצר בית,632,2.0
עבירות נגד גוף,חצר בית,632,2.0
עבירות סדר ציבורי,חצר בית,632,5.0
עבירות נגד גוף,חצר בית,632,4.0
עבירות סדר ציבורי,חצר בית,632,3.0
עבירות כלפי הרכוש,חצר בית,632,2.0
עבירות כלפי הרכוש,חצר בית,632,4.0
עבירות נגד גוף,חצר בית,632,4.0
עבירות כלפי הרכוש,חצר בית,632,5.0
עבירות נגד גוף,חצר בית,632,5.0
עבירות כלפי הרכוש,חצר בית,632,3.0
עבירות כלפי הרכוש,חצר בית,632,2.0
עבירות כלפי הרכוש,חצר בית,632,2.0
עבירות כלפי הרכוש,חצר בית,632,2.0
עבירות כלפי הרכוש,חניון,632,3.0
עבירות כלפי הרכוש,חניה,632,3.0
עבירות כלפי הרכוש,חניה,632,2.0
עבירות כלפי הרכוש,חניה,632,2.0
עבירות כלפי הרכוש,חניה,632,2.0
עבירות כלפי הרכוש,חניה,632,4.0
עבירות סדר ציבורי,חניה,632,6.0
עבירות נגד גוף,חניה,632,6.0
עבירות כלפי הרכוש,חניה,632,5.0
עבירות כלפי הרכוש,חניה,632,6.0
עבירות כלפי הרכוש,חניה,632,3.0
עבירות כלפי הרכוש,חניה,632,1.0
עבירות כלפי הרכוש,חנות מכולת,632,5.0
עבירות כלפי הרכוש,חנות מכולת,632,5.0
עבירות כלפי הרכוש,חנות מכולת,632,4.0
עבירות כלפי הרכוש,חנות מכולת,632,4.0
עבירות כלפי הרכוש,חנות מכולת,632,5.0
עבירות כלפי הרכוש,חנות מכולת,632,5.0
עבירות סדר ציבורי,חנות מכולת,632,1.0
עבירות נגד גוף,חנות מכולת,632,1.0
עבירות כלפי הרכוש,חנות מכולת,632,1.0
עבירות סדר ציבורי,חנות מכולת,632,1.0
עבירות נגד גוף,חנות מכולת,632,1.0
עבירות כלפי הרכוש,חנות מכולת,632,5.0
עבירות כלפי הרכוש,חנות מכולת,632,5.0
עבירות כלפי הרכוש,חנות מכולת,632,1.0
עבירות כלפי הרכוש,חנות מכולת,632,5.0
עבירות כלפי הרכוש,חנות מכולת,632,6.0
עבירות כלפי הרכוש,חנות מכולת,632,5.0
עבירות כלפי הרכוש,חנות מכולת,632,1.0
עבירות כלפי הרכוש,חנות הלבשה,632,6.0
עבירות כלפי הרכוש,חנויות ובתי-מסחר,632,6.0
עבירות כלפי הרכוש,חנויות ובתי-מסחר,632,5.0
עבירות כלפי הרכוש,חנויות אחרות,632,5.0
עבירות כלפי הרכוש,חנויות אחרות,632,4.0
עבירות כלפי הרכוש,חנויות אחרות,632,3.0
עבירות כלפי הרכוש,חנויות אחרות,632,5.0
עבירות נגד גוף,חנויות אחרות,632,4.0
שאר עבירות,חנויות אחרות,632,3.0
עבירות כלפי הרכוש,חנויות אחרות,632,3.0
עבירות כלפי הרכוש,חנויות אחרות,632,1.0
עבירות כלפי הרכוש,חנויות אחרות,632,4.0
עבירות נגד גוף,"חדר מדרגות,מעליות",632,6.0
עבירות כלפי הרכוש,"חדר מדרגות,מעליות",632,6.0
עבירות נגד גוף,"חדר מדרגות,מעליות",632,1.0
עבירות כלפי הרכוש,"חדר מדרגות,מעליות",632,4.0
עבירות נגד גוף,"חדר מדרגות,מעליות",632,5.0
עבירות סדר ציבורי,"חדר מדרגות,מעליות",632,1.0
עבירות נגד גוף,"חדר מדרגות,מעליות",632,6.0
עבירות בטחון,גן ציבורי - פארק,632,3.0
עבירות כלפי המוסר,גן ציבורי - פארק,632,3.0
עבירות כלפי הרכוש,גן ציבורי - פארק,632,3.0
עבירות כלפי הרכוש,גג,632,1.0
עבירות סדר ציבורי,בריכת שחיה,632,3.0
עבירות סדר ציבורי,בריכת שחיה,632,3.0
עבירות כלפי הרכוש,בנק,632,3.0
עבירות מרמה,בנק,632,4.0
עבירות מרמה,בנק,632,1.0
עבירות מרמה,בנק,632,4.0
עבירות כלפי הרכוש,בנק,632,3.0
עבירות כלפי המוסר,בית עזוב/נטוש,632,2.0
עבירות סדר ציבורי,בית עזוב/נטוש,632,2.0
עבירות סדר ציבורי,בית מגורים אחר,632,4.0
עבירות סדר ציבורי,בית מגורים אחר,632,4.0
עבירות כלפי הרכוש,בית מגורים אחר,632,4.0
עבירות סדר ציבורי,בית מגורים אחר,632,3.0
עבירות סדר ציבורי,בית מגורים אחר,632,3.0
עבירות סדר ציבורי,בית מגורים אחר,632,1.0
עבירות נגד גוף,בית מגורים אחר,632,4.0
עבירות כלפי המוסר,בית מגורים אחר,632,4.0
עבירות כלפי הרכוש,בית מגורים אחר,632,2.0
עבירות כלפי המוסר,בית מגורים אחר,632,1.0
עבירות כלפי הרכוש,בית מגורים אחר,632,4.0
עבירות כלפי הרכוש,בית מגורים אחר,632,4.0
עבירות כלפי הרכוש,בית הקרבן,632,6.0
עבירות כלפי הרכוש,בית הקרבן,632,6.0
עבירות נגד גוף,בית הקרבן,632,5.0
עבירות כלפי הרכוש,בית הקרבן,632,5.0
עבירות סדר ציבורי,בית הקרבן,632,5.0
עבירות כלפי הרכוש,בית הקרבן,632,5.0
עבירות סדר ציבורי,בית הקרבן,632,4.0
עבירות סדר ציבורי,בית הקרבן,632,4.0
עבירות כלפי הרכוש,בית הקרבן,632,4.0
עבירות סדר ציבורי,בית הקרבן,632,3.0
עבירות כלפי הרכוש,בית הקרבן,632,3.0
עבירות סדר ציבורי,בית הקרבן,632,2.0
עבירות כלפי הרכוש,בית הקרבן,632,2.0
עבירות כלפי הרכוש,בית הקרבן,632,1.0
עבירות סדר ציבורי,בית הקרבן,632,1.0
עבירות נגד גוף,בית הקרבן,632,1.0
עבירות כלפי הרכוש,בית הקרבן,632,1.0
עבירות סדר ציבורי,בית הקרבן,632,1.0
עבירות כלפי הרכוש,בית הקרבן,632,6.0
עבירות סדר ציבורי,בית הקרבן,632,6.0
עבירות סדר ציבורי,בית הקרבן,632,5.0
עבירות כלפי הרכוש,בית הקרבן,632,5.0
עבירות סדר ציבורי,בית הקרבן,632,4.0
עבירות נגד גוף,בית הקרבן,632,4.0
עבירות סדר ציבורי,בית הקרבן,632,4.0
עבירות כלפי הרכוש,בית הקרבן,632,3.0
עבירות כלפי הרכוש,בית הקרבן,632,3.0
עבירות כלפי הרכוש,בית הקרבן,632,2.0
עבירות כלפי הרכוש,בית הקרבן,632,6.0
עבירות נגד גוף,בית הקרבן,632,5.0
עבירות כלפי הרכוש,בית הקרבן,632,4.0
עבירות כלפי הרכוש,בית הקרבן,632,4.0
עבירות כלפי הרכוש,בית הקרבן,632,1.0
עבירות סדר ציבורי,בית הקרבן,632,1.0
עבירות נגד גוף,בית הקרבן,632,1.0
עבירות כלפי הרכוש,בית הקרבן,632,1.0
עבירות מין,בית הקרבן,632,5.0
עבירות נגד גוף,בית הקרבן,632,5.0
עבירות סדר ציבורי,בית הקרבן,632,4.0
עבירות נגד גוף,בית הקרבן,632,4.0
עבירות כלפי הרכוש,בית הקרבן,632,4.0
עבירות כלפי הרכוש,בית הקרבן,632,4.0
עבירות כלפי הרכוש,בית הקרבן,632,4.0
עבירות נגד גוף,בית הקרבן,632,3.0
עבירות נגד גוף,בית הקרבן,632,4.0
עבירות סדר ציבורי,בית הקרבן,632,3.0
עבירות סדר ציבורי,בית הקרבן,632,3.0
עבירות כלפי הרכוש,בית הקרבן,632,2.0
עבירות כלפי הרכוש,בית הקרבן,632,2.0
עבירות כלפי הרכוש,בית הקרבן,632,1.0
עבירות סדר ציבורי,בית הקרבן,632,1.0
עבירות נגד גוף,בית הקרבן,632,1.0
עבירות כלפי הרכוש,בית הקרבן,632,1.0
שאר עבירות,בית הקרבן,632,1.0
עבירות סדר ציבורי,בית הקרבן,632,1.0
עבירות סדר ציבורי,בית המבצע,632,6.0
עבירות כלפי המוסר,בית המבצע,632,6.0
עבירות כלפי המוסר,בית המבצע,632,6.0
עבירות כלפי המוסר,בית המבצע,632,6.0
עבירות כלפי הרכוש,בית המבצע,632,5.0
שאר עבירות,בית המבצע,632,5.0
עבירות כלפי המוסר,בית המבצע,632,3.0
עבירות כלפי המוסר,בית המבצע,632,1.0
עבירות סדר ציבורי,בית המבצע,632,6.0
עבירות כלפי המוסר,בית המבצע,632,5.0
עבירות סדר ציבורי,בית המבצע,632,5.0
עבירות כלפי המוסר,בית המבצע,632,3.0
עבירות סדר ציבורי,בית המבצע,632,1.0
עבירות כלפי המוסר,בית המבצע,632,1.0
עבירות כלפי הרכוש,בית המבצע,632,1.0
עבירות סדר ציבורי,בית המבצע,632,6.0
עבירות כלפי הרכוש,בית המבצע,632,6.0
עבירות בטחון,בית המבצע,632,5.0
עבירות כלפי המוסר,בית המבצע,632,3.0
עבירות כלפי המוסר,בית המבצע,632,2.0
עבירות כלפי המוסר,בית המבצע,632,6.0
עבירות כלפי המוסר,בית המבצע,632,6.0
עבירות נגד גוף,בית המבצע,632,6.0
עבירות כלפי המוסר,בית המבצע,632,6.0
עבירות כלפי המוסר,בית המבצע,632,5.0
עבירות כלפי המוסר,בית המבצע,632,4.0
עבירות כלפי המוסר,בית המבצע,632,2.0
עבירות כלפי המוסר,בית המבצע,632,1.0
עבירות כלפי המוסר,בית המבצע,632,1.0
עבירות כלפי המוסר,בית המבצע,632,1.0
עבירות כלפי הרכוש,בית אבות,632,4.0
עבירות כלפי הרכוש,בית אבות,632,4.0
עבירות כלפי הרכוש,בית אבות,632,4.0
עבירות סדר ציבורי,"אחר,שלא פורט לעיל",632,5.0
עבירות כלפי הרכוש,"אחר,שלא פורט לעיל",632,5.0
עבירות סדר ציבורי,"אחר,שלא פורט לעיל",632,6.0
שאר עבירות,"אחר,שלא פורט לעיל",632,5.0
עבירות נגד גוף,"אחר,שלא פורט לעיל",632,4.0
עבירות נגד גוף,תחנת רכבת,633,3.0
עבירות נגד גוף,תחנת מוניות,633,1.0
עבירות נגד גוף,תחנת מוניות,633,3.0
עבירות מרמה,תחנת דלק,633,6.0
עבירות נגד גוף,תחנת דלק,633,2.0
עבירות כלפי הרכוש,תחנת דלק,633,2.0
עבירות כלפי המוסר,תחנת דלק,633,4.0
עבירות מרמה,תחנת דלק,633,6.0
עבירות כלפי המוסר,תחנת דלק,633,6.0
עבירות מרמה,תחנת דלק,633,6.0
עבירות מרמה,תחנת דלק,633,5.0
עבירות מרמה,תחנת דלק,633,1.0
עבירות מרמה,תחנת דלק,633,6.0
עבירות כלפי הרכוש,תחנת דלק,633,6.0
עבירות כלפי הרכוש,תחנת דלק,633,4.0
עבירות מרמה,תחנת דלק,633,3.0
עבירות כלפי הרכוש,תחנת דלק,633,2.0
עבירות מרמה,תחנת דלק,633,2.0
עבירות מרמה,תחנת דלק,633,3.0
עבירות נגד גוף,תחנת דלק,633,2.0
עבירות מרמה,תחנת דלק,633,2.0
עבירות מרמה,תחנת דלק,633,2.0
עבירות כלפי הרכוש,תחנת אוטובוס,633,5.0
עבירות כלפי הרכוש,תחנת אוטובוס,633,6.0
עבירות כלפי הרכוש,תחנת אוטובוס,633,6.0
עבירות כלפי הרכוש,תחנת אוטובוס,633,4.0
עבירות כלפי הרכוש,תחנת אוטובוס,633,4.0
עבירות כלפי הרכוש,תחנת אוטובוס,633,3.0
עבירות כלפי הרכוש,תחנת אוטובוס,633,3.0
עבירות כלפי הרכוש,תחנת אוטובוס,633,3.0
עבירות כלפי הרכוש,תחנת אוטובוס,633,2.0
עבירות כלפי הרכוש,רכב מנועי אחר,633,6.0
עבירות כלפי המוסר,רחוב,633,6.0
עבירות סדר ציבורי,רחוב,633,6.0
עבירות סדר ציבורי,רחוב,633,6.0
עבירות כלפי הרכוש,רחוב,633,6.0
עבירות כלפי הרכוש,רחוב,633,6.0
עבירות כלפי הרכוש,רחוב,633,6.0
עבירות נגד גוף,רחוב,633,4.0
עבירות נגד גוף,רחוב,633,4.0
עבירות סדר ציבורי,רחוב,633,4.0
עבירות סדר ציבורי,רחוב,633,4.0
עבירות סדר ציבורי,רחוב,633,4.0
עבירות סדר ציבורי,רחוב,633,4.0
עבירות סדר ציבורי,רחוב,633,3.0
עבירות סדר ציבורי,רחוב,633,3.0
עבירות סדר ציבורי,רחוב,633,3.0
שאר עבירות,רחוב,633,2.0
עבירות נגד גוף,רחוב,633,2.0
עבירות כלפי הרכוש,רחוב,633,2.0
עבירות כלפי המוסר,רחוב,633,2.0
עבירות סדר ציבורי,רחוב,633,2.0
עבירות כלפי הרכוש,רחוב,633,1.0
עבירות כלפי הרכוש,רחוב,633,1.0
עבירות כלפי הרכוש,רחוב,633,1.0
עבירות רשוי,רחוב,633,1.0
עבירות כלפי הרכוש,רחוב,633,1.0
עבירות כלפי המוסר,רחוב,633,1.0
עבירות סדר ציבורי,רחוב,633,6.0
עבירות כלפי המוסר,רחוב,633,6.0
עבירות נגד גוף,רחוב,633,6.0
עבירות כלפי הרכוש,רחוב,633,6.0
עבירות כלפי הרכוש,רחוב,633,6.0
עבירות סדר ציבורי,רחוב,633,5.0
עבירות כלפי המוסר,רחוב,633,5.0
עבירות כלפי הרכוש,רחוב,633,5.0
עבירות כלפי הרכוש,רחוב,633,5.0
עבירות כלפי הרכוש,רחוב,633,4.0
עבירות סדר ציבורי,רחוב,633,4.0
עבירות סדר ציבורי,רחוב,633,4.0
עבירות נגד גוף,רחוב,633,4.0
עבירות סדר ציבורי,רחוב,633,3.0
עבירות כלפי הרכוש,רחוב,633,3.0
עבירות כלפי הרכוש,רחוב,633,3.0
עבירות כלפי הרכוש,רחוב,633,3.0
עבירות כלפי המוסר,רחוב,633,3.0
עבירות כלפי הרכוש,רחוב,633,2.0
עבירות כלפי המוסר,רחוב,633,2.0
עבירות כלפי המוסר,רחוב,633,2.0
עבירות כלפי הרכוש,רחוב,633,1.0
עבירות סדר ציבורי,רחוב,633,1.0
עבירות סדר ציבורי,רחוב,633,1.0
עבירות סדר ציבורי,רחוב,633,1.0
עבירות סדר ציבורי,רחוב,633,6.0
עבירות כלפי הרכוש,רחוב,633,3.0
עבירות כלפי הרכוש,רחוב,633,6.0
עבירות סדר ציבורי,רחוב,633,5.0
עבירות נגד גוף,רחוב,633,5.0
עבירות כלפי הרכוש,רחוב,633,5.0
עבירות כלפי הרכוש,רחוב,633,4.0
עבירות סדר ציבורי,רחוב,633,4.0
עבירות כלפי הרכוש,רחוב,633,4.0
עבירות כלפי הרכוש,רחוב,633,4.0
עבירות כלפי הרכוש,רחוב,633,4.0
עבירות נגד גוף,רחוב,633,4.0
עבירות כלפי הרכוש,רחוב,633,4.0
עבירות כלפי הרכוש,רחוב,633,4.0
עבירות סדר ציבורי,רחוב,633,3.0
עבירות סדר ציבורי,רחוב,633,3.0
עבירות נגד גוף,רחוב,633,3.0
עבירות סדר ציבורי,רחוב,633,3.0
עבירות נגד גוף,רחוב,633,2.0
עבירות סדר ציבורי,רחוב,633,2.0
עבירות סדר ציבורי,רחוב,633,1.0
עבירות כלפי הרכוש,רחוב,633,1.0
עבירות כלפי המוסר,רחוב,633,1.0
עבירות כלפי המוסר,רחוב,633,1.0
עבירות כלפי הרכוש,רחוב,633,1.0
עבירות כלפי הרכוש,רחוב,633,1.0
עבירות כלפי הרכוש,רחוב,633,6.0
עבירות כלפי המוסר,רחוב,633,6.0
עבירות כלפי הרכוש,רחוב,633,3.0
עבירות כלפי הרכוש,רחוב,633,3.0
עבירות סדר ציבורי,רחוב,633,5.0
עבירות סדר ציבורי,רחוב,633,5.0
עבירות כלפי הרכוש,רחוב,633,5.0
עבירות כלפי המוסר,רחוב,633,4.0
עבירות כלפי המוסר,רחוב,633,4.0
עבירות סדר ציבורי,רחוב,633,3.0
עבירות סדר ציבורי,רחוב,633,4.0
עבירות סדר ציבורי,רחוב,633,3.0
עבירות כלפי המוסר,רחוב,633,3.0
עבירות סדר ציבורי,רחוב,633,3.0
עבירות כלפי הרכוש,רחוב,633,3.0
עבירות כלפי הרכוש,רחוב,633,3.0
עבירות כלפי הרכוש,רחוב,633,3.0
עבירות כלפי הרכוש,רחוב,633,3.0
עבירות סדר ציבורי,רחוב,633,3.0
עבירות נגד גוף,רחוב,633,2.0
עבירות כלפי הרכוש,רחוב,633,2.0
עבירות סדר ציבורי,רחוב,633,2.0
עבירות כלפי הרכוש,רחוב,633,2.0
עבירות סדר ציבורי,רחוב,633,2.0
עבירות סדר ציבורי,רחוב,633,1.0
עבירות כלפי המוסר,רחוב,633,1.0
עבירות כלפי הרכוש,קניון,633,5.0
עבירות כלפי הרכוש,קניון,633,6.0
עבירות כלפי הרכוש,קליניקה פרטית,633,2.0
עבירות סדר ציבורי,על גבי החשוד,633,3.0
עבירות כלפי הרכוש,סוכנות ביטוח,633,4.0
עבירות סדר ציבורי,משרדים אחרים,633,1.0
עבירות סדר ציבורי,משרדים אחרים,633,5.0
עבירות כלפי הרכוש,משרדים אחרים,633,1.0
עבירות כלפי הרכוש,משרדים,633,3.0
עבירות כלפי הרכוש,משרדים,633,1.0
עבירות סדר ציבורי,משרדים,633,1.0
עבירות כלפי הרכוש,משרדים,633,1.0
עבירות כלפי הרכוש,משרדים,633,6.0
עבירות כלפי הרכוש,משרדים,633,5.0
עבירות סדר ציבורי,משרדים,633,4.0
עבירות מרמה,משרדים,633,4.0
עבירות נגד גוף,משרדים,633,1.0
עבירות סדר ציבורי,משרדים,633,1.0
עבירות סדר ציבורי,משרד פרטי,633,3.0
עבירות כלפי הרכוש,משרד פרטי,633,3.0
עבירות סדר ציבורי,משרד פרטי,633,3.0
עבירות סדר ציבורי,משרד פרטי,633,3.0
עבירות נגד גוף,משרד פרטי,633,4.0
עבירות מרמה,משרד פרטי,633,3.0
עבירות מרמה,משרד פרטי,633,3.0
עבירות מרמה,משרד פרטי,633,4.0
עבירות מרמה,משרד פרטי,633,1.0
עבירות מרמה,משרד פרטי,633,4.0
עבירות מרמה,משרד פרטי,633,2.0
עבירות סדר ציבורי,משרד ממשלתי,633,3.0
עבירות נגד גוף,משרד ממשלתי,633,3.0
עבירות מרמה,משרד מוניציפאלי,633,6.0
עבירות מרמה,משרד מוניציפאלי,633,1.0
עבירות סדר ציבורי,משרד מוניציפאלי,633,1.0
עבירות מרמה,משרד מוניציפאלי,633,6.0
עבירות סדר ציבורי,"מרפאה/קופ""ח      ",633,5.0
עבירות כלפי הרכוש,"מרפאה/קופ""ח      ",633,5.0
עבירות נגד גוף,"מרפאה/קופ""ח      ",633,1.0
עבירות סדר ציבורי,"מרפאה/קופ""ח      ",633,6.0
עבירות סדר ציבורי,"מרפאה/קופ""ח      ",633,6.0
עבירות סדר ציבורי,"מרפאה/קופ""ח      ",633,5.0
עבירות סדר ציבורי,"מרפאה/קופ""ח      ",633,5.0
עבירות כלפי הרכוש,"מרפאה/קופ""ח      ",633,3.0
עבירות כלפי הרכוש,"מרפאה/קופ""ח      ",633,3.0
עבירות כלפי הרכוש,"מרפאה/קופ""ח      ",633,1.0
עבירות נגד גוף,"מרפאה/קופ""ח      ",633,5.0
עבירות כלפי הרכוש,"מרפאה/קופ""ח      ",633,4.0
עבירות נגד גוף,"מרפאה/קופ""ח      ",633,3.0
עבירות סדר ציבורי,"מרפאה/קופ""ח      ",633,3.0
עבירות מרמה,"מרפאה/קופ""ח      ",633,2.0
עבירות סדר ציבורי,"מרפאה/קופ""ח      ",633,1.0
עבירות כלפי הרכוש,"מרפאה/קופ""ח      ",633,6.0
עבירות סדר ציבורי,"מרפאה/קופ""ח      ",633,5.0
עבירות מרמה,"מרפאה/קופ""ח      ",633,2.0
עבירות כלפי הרכוש,"מרכז מסחרי, שוק  ",633,4.0
עבירות כלפי הרכוש,"מרכז מסחרי, שוק  ",633,6.0
עבירות סדר ציבורי,מק.הארחה/בלוי אחר,633,3.0
עבירות כלפי הרכוש,"מספרה,מכוני יופי",633,2.0
עבירות כלפי הרכוש,מחסן-מקלט,633,6.0
עבירות סדר ציבורי,"מזנון,קיוסק,דוכן ",633,6.0
עבירות כלכליות,"מזנון,קיוסק,דוכן ",633,3.0
עבירות נגד גוף,"מזנון,קיוסק,דוכן ",633,2.0
עבירות כלפי המוסר,"מזנון,קיוסק,דוכן ",633,6.0
עבירות כלפי הרכוש,"מזנון,קיוסק,דוכן ",633,6.0
עבירות כלפי הרכוש,"מזנון,קיוסק,דוכן ",633,6.0
עבירות כלפי הרכוש,"מזנון,קיוסק,דוכן ",633,4.0
עבירות כלפי הרכוש,"מזנון,קיוסק,דוכן ",633,3.0
עבירות כלפי הרכוש,"מזנון,קיוסק,דוכן ",633,2.0
עבירות סדר ציבורי,"מזנון,קיוסק,דוכן ",633,1.0
עבירות סדר ציבורי,מועדון,633,4.0
עבירות סדר ציבורי,מועדון,633,1.0
עבירות סדר ציבורי,מועדון,633,4.0
עבירות סדר ציבורי,מוסדות בריאות,633,4.0
עבירות כלפי הרכוש,מבנה אחר,633,5.0
עבירות כלפי הרכוש,מבנה אחר,633,5.0
עבירות כלפי הרכוש,מבנה אחר,633,4.0
עבירות כלפי הרכוש,מבנה אחר,633,1.0
עבירות כלפי הרכוש,מבנה אחר,633,1.0
עבירות מרמה,כלא,633,1.0
עבירות נגד גוף,כלא,633,1.0
עבירות כלפי הרכוש,"כל-בו,סופרמקט   ",633,4.0
עבירות סדר ציבורי,טלפון,633,5.0
עבירות סדר ציבורי,טלפון,633,4.0
עבירות סדר ציבורי,טלפון,633,5.0
עבירות סדר ציבורי,חצר בית,633,5.0
עבירות נגד גוף,חצר בית,633,5.0
עבירות נגד גוף,חצר בית,633,5.0
עבירות כלפי המוסר,חצר בית,633,1.0
עבירות כלפי הרכוש,חצר בית,633,5.0
עבירות סדר ציבורי,חצר בית,633,4.0
עבירות כלפי הרכוש,חצר בית,633,4.0
עבירות סדר ציבורי,חצר בית,633,2.0
עבירות כלפי המוסר,חצר בית,633,1.0
עבירות נגד גוף,חצר בית,633,6.0
עבירות כלפי הרכוש,חצר בית,633,4.0
עבירות סדר ציבורי,חצר בית,633,4.0
עבירות סדר ציבורי,חצר בית,633,4.0
עבירות סדר ציבורי,חצר בית,633,5.0
עבירות נגד גוף,חצר בית,633,5.0
עבירות כלפי הרכוש,חצר בית,633,1.0
עבירות נגד גוף,חצר בית,633,4.0
עבירות נגד גוף,חצר בית,633,4.0
עבירות סדר ציבורי,חצר בית,633,4.0
עבירות נגד גוף,חצר בית,633,4.0
עבירות כלפי הרכוש,חניון,633,4.0
עבירות כלפי הרכוש,חניון,633,2.0
עבירות כלפי הרכוש,חניה,633,4.0
עבירות כלפי הרכוש,חניה,633,2.0
עבירות כלפי הרכוש,חניה,633,1.0
עבירות כלפי הרכוש,חניה,633,4.0
עבירות כלפי הרכוש,חניה,633,4.0
עבירות כלפי הרכוש,חניה,633,3.0
עבירות כלפי הרכוש,חניה,633,3.0
עבירות סדר ציבורי,חניה,633,1.0
עבירות כלפי הרכוש,חניה,633,1.0
עבירות כלפי הרכוש,חניה,633,1.0
עבירות כלפי הרכוש,חניה,633,4.0
עבירות כלפי הרכוש,חניה,633,2.0
עבירות כלפי הרכוש,חניה,633,2.0
עבירות כלפי הרכוש,חניה,633,2.0
עבירות כלפי הרכוש,חניה,633,5.0
עבירות כלפי הרכוש,חניה,633,3.0
עבירות נגד גוף,חנות מכולת,633,3.0
עבירות מרמה,חנות לחשמל,633,4.0
עבירות מרמה,חנות לחשמל,633,4.0
שאר עבירות,חנות לחשמל,633,4.0
עבירות נגד גוף,חנות לאביזרי צלום,633,4.0
עבירות כלפי הרכוש,חנות הלבשה,633,6.0
עבירות כלפי הרכוש,חנות הלבשה,633,4.0
עבירות כלפי הרכוש,חנות הלבשה,633,2.0
עבירות סדר ציבורי,חנות הלבשה,633,5.0
עבירות כלפי הרכוש,חנות הלבשה,633,4.0
עבירות כלפי הרכוש,חנות הלבשה,633,6.0
עבירות כלפי הרכוש,חנויות ובתי-מסחר,633,3.0
עבירות סדר ציבורי,חנויות ובתי-מסחר,633,6.0
עבירות סדר ציבורי,חנויות ובתי-מסחר,633,6.0
עבירות נגד גוף,חנויות ובתי-מסחר,633,6.0
עבירות כלפי הרכוש,חנויות ובתי-מסחר,633,2.0
עבירות מרמה,חנויות אחרות,633,3.0
עבירות כלפי הרכוש,חנויות אחרות,633,6.0
עבירות כלפי הרכוש,חנויות אחרות,633,6.0
עבירות כלפי הרכוש,חנויות אחרות,633,5.0
עבירות כלפי הרכוש,חנויות אחרות,633,5.0
עבירות כלפי הרכוש,חנויות אחרות,633,4.0
עבירות כלפי הרכוש,חנויות אחרות,633,3.0
עבירות כלפי הרכוש,חנויות אחרות,633,3.0
עבירות כלפי הרכוש,חנויות אחרות,633,2.0
עבירות כלפי הרכוש,חנויות אחרות,633,2.0
עבירות כלפי הרכוש,חנויות אחרות,633,6.0
עבירות מרמה,חנויות אחרות,633,4.0
עבירות סדר ציבורי,חנויות אחרות,633,5.0
עבירות כלפי הרכוש,חנויות אחרות,633,5.0
עבירות כלפי הרכוש,חנויות אחרות,633,5.0
עבירות נגד גוף,חנויות אחרות,633,5.0
עבירות כלפי הרכוש,חנויות אחרות,633,5.0
עבירות סדר ציבורי,חנויות אחרות,633,4.0
עבירות כלפי הרכוש,חנויות אחרות,633,4.0
עבירות כלפי הרכוש,חנויות אחרות,633,3.0
עבירות כלפי הרכוש,חנויות אחרות,633,2.0
עבירות כלפי הרכוש,חנויות אחרות,633,3.0
עבירות מרמה,חנויות אחרות,633,3.0
עבירות נגד גוף,חנויות אחרות,633,2.0
עבירות סדר ציבורי,חנויות אחרות,633,1.0
עבירות כלפי הרכוש,חנויות אחרות,633,6.0
עבירות כלפי הרכוש,חנויות אחרות,633,6.0
עבירות כלפי הרכוש,חנויות אחרות,633,6.0
עבירות סדר ציבורי,חנויות אחרות,633,4.0
עבירות כלפי הרכוש,חנויות אחרות,633,5.0
עבירות נגד גוף,חנויות אחרות,633,5.0
עבירות כלפי הרכוש,חנויות אחרות,633,3.0
עבירות כלפי הרכוש,חנויות אחרות,633,5.0
עבירות כלפי הרכוש,חנויות אחרות,633,5.0
עבירות כלפי הרכוש,חנויות אחרות,633,4.0
עבירות כלפי הרכוש,חנויות אחרות,633,4.0
עבירות כלפי הרכוש,חנויות אחרות,633,4.0
עבירות סדר ציבורי,חנויות אחרות,633,3.0
עבירות כלפי הרכוש,חנויות אחרות,633,2.0
עבירות כלפי הרכוש,חנויות אחרות,633,2.0
עבירות מין,חנויות אחרות,633,1.0
עבירות כלפי הרכוש,חנויות אחרות,633,1.0
עבירות מרמה,חנויות אחרות,633,3.0
עבירות כלפי הרכוש,חנויות אחרות,633,6.0
עבירות כלפי הרכוש,חנויות אחרות,633,5.0
עבירות כלפי הרכוש,חנויות אחרות,633,5.0
עבירות כלפי הרכוש,חנויות אחרות,633,5.0
עבירות כלפי הרכוש,חנויות אחרות,633,5.0
עבירות כלפי הרכוש,חנויות אחרות,633,4.0
עבירות כלפי הרכוש,חנויות אחרות,633,4.0
עבירות כלפי הרכוש,חנויות אחרות,633,3.0
עבירות כלפי הרכוש,חנויות אחרות,633,1.0
עבירות כלפי הרכוש,חנויות אחרות,633,1.0
עבירות כלפי המוסר,חנויות אחרות,633,1.0
עבירות כלפי המוסר,חנויות אחרות,633,1.0
עבירות כלפי הרכוש,חוף רחצה,633,5.0
עבירות סדר ציבורי,"חדר מדרגות,מעליות",633,1.0
עבירות נגד גוף,"חדר מדרגות,מעליות",633,4.0
עבירות סדר ציבורי,"חדר מדרגות,מעליות",633,3.0
עבירות סדר ציבורי,"חדר מדרגות,מעליות",633,4.0
עבירות כלפי הרכוש,"חדר מדרגות,מעליות",633,5.0
עבירות סדר ציבורי,"חדר מדרגות,מעליות",633,3.0
עבירות נגד גוף,"חדר מדרגות,מעליות",633,2.0
עבירות כלפי המוסר,גן ציבורי - פארק,633,6.0
עבירות סדר ציבורי,גן ציבורי - פארק,633,5.0
עבירות סדר ציבורי,גן ציבורי - פארק,633,3.0
עבירות סדר ציבורי,גן ציבורי - פארק,633,6.0
עבירות סדר ציבורי,גן ציבורי - פארק,633,3.0
עבירות כלפי הרכוש,גן ציבורי - פארק,633,6.0
עבירות סדר ציבורי,גן ציבורי - פארק,633,6.0
עבירות כלפי המוסר,גן ציבורי - פארק,633,3.0
עבירות כלפי הרכוש,גן ציבורי - פארק,633,2.0
עבירות סדר ציבורי,גן ציבורי - פארק,633,6.0
עבירות סדר ציבורי,גן ציבורי - פארק,633,6.0
עבירות כלפי המוסר,גן ציבורי - פארק,633,6.0
עבירות סדר ציבורי,גן ציבורי - פארק,633,5.0
עבירות כלפי המוסר,גן ציבורי - פארק,633,2.0
עבירות סדר ציבורי,גן ילדים,633,6.0
עבירות כלפי הרכוש,גן ילדים,633,6.0
עבירות כלפי המוסר,גג,633,3.0
עבירות כלפי המוסר,גג,633,3.0
עבירות כלפי הרכוש,בנק,633,6.0
עבירות מרמה,בנק,633,1.0
עבירות מרמה,בנק,633,4.0
עבירות נגד גוף,בנק,633,5.0
עבירות סדר ציבורי,בנק,633,1.0
עבירות כלפי הרכוש,בנק,633,2.0
עבירות מרמה,בנק,633,1.0
עבירות כלפי הרכוש,בנק,633,1.0
עבירות סדר ציבורי,בנק,633,2.0
עבירות מרמה,בנק,633,2.0
עבירות מרמה,בנק,633,5.0
עבירות מרמה,בנק,633,1.0
עבירות מרמה,בנק,633,5.0
עבירות כלפי הרכוש,בנק,633,4.0
עבירות מרמה,בנק,633,4.0
עבירות מרמה,בנק,633,4.0
עבירות מרמה,בנק,633,1.0
עבירות כלפי הרכוש,בנק,633,3.0
עבירות כלפי הרכוש,בנק,633,2.0
עבירות כלפי הרכוש,בנק,633,5.0
עבירות כלפי הרכוש,בנק,633,5.0
עבירות מרמה,בנק,633,3.0
עבירות כלפי הרכוש,בנק,633,4.0
עבירות מרמה,בנק,633,2.0
עבירות מרמה,בנק,633,1.0
עבירות מרמה,בנק,633,5.0
עבירות כלפי הרכוש,בנק,633,5.0
עבירות כלפי הרכוש,בנק,633,1.0
עבירות כלפי המוסר,בית עסק סיטונאי,633,6.0
עבירות סדר ציבורי,בית עסק סיטונאי,633,1.0
עבירות כלפי הרכוש,בית עסק סיטונאי,633,6.0
עבירות כלפי המוסר,בית עסק סיטונאי,633,6.0
עבירות כלפי הרכוש,בית עסק סיטונאי,633,6.0
עבירות סדר ציבורי,בית משפט,633,3.0
עבירות כלפי הרכוש,בית מרקחת,633,4.0
עבירות כלפי הרכוש,בית מרקחת,633,6.0
עבירות כלפי הרכוש,בית מרקחת,633,4.0
עבירות כלפי הרכוש,בית מרקחת,633,1.0
עבירות כלפי הרכוש,בית מלון,633,6.0
עבירות כלפי הרכוש,בית מלון,633,3.0
עבירות כלפי הרכוש,בית מגורים אחר,633,6.0
עבירות כלפי המוסר,בית מגורים אחר,633,6.0
עבירות סדר ציבורי,בית מגורים אחר,633,5.0
עבירות כלפי הרכוש,בית מגורים אחר,633,4.0
עבירות סדר ציבורי,בית מגורים אחר,633,3.0
עבירות סדר ציבורי,בית מגורים אחר,633,1.0
עבירות כלפי המוסר,בית מגורים אחר,633,4.0
עבירות כלפי הרכוש,בית הקרבן,633,6.0
עבירות מרמה,בית הקרבן,633,4.0
עבירות נגד גוף,בית הקרבן,633,5.0
עבירות סדר ציבורי,בית הקרבן,633,4.0
עבירות נגד גוף,בית הקרבן,633,4.0
עבירות כלפי הרכוש,בית הקרבן,633,4.0
עבירות נגד גוף,בית הקרבן,633,3.0
עבירות סדר ציבורי,בית הקרבן,633,2.0
עבירות סדר ציבורי,בית הקרבן,633,1.0
עבירות מרמה,בית הקרבן,633,1.0
עבירות סדר ציבורי,בית הקרבן,633,6.0
עבירות סדר ציבורי,בית הקרבן,633,3.0
עבירות נגד גוף,בית הקרבן,633,2.0
עבירות נגד גוף,בית הקרבן,633,2.0
עבירות סדר ציבורי,בית הקרבן,633,2.0
עבירות סדר ציבורי,בית הקרבן,633,1.0
עבירות נגד גוף,בית הקרבן,633,5.0
עבירות כלפי הרכוש,בית הקרבן,633,5.0
עבירות סדר ציבורי,בית הקרבן,633,5.0
עבירות סדר ציבורי,בית הקרבן,633,5.0
עבירות נגד גוף,בית הקרבן,633,4.0
עבירות סדר ציבורי,בית הקרבן,633,2.0
עבירות כלפי הרכוש,בית הקרבן,633,1.0
עבירות כלפי הרכוש,בית הקרבן,633,1.0
עבירות כלפי הרכוש,בית הקרבן,633,1.0
עבירות כלפי הרכוש,בית הקרבן,633,5.0
עבירות סדר ציבורי,בית הקרבן,633,4.0
עבירות סדר ציבורי,בית הקרבן,633,3.0
עבירות כלפי הרכוש,בית הקרבן,633,3.0
עבירות סדר ציבורי,בית הקרבן,633,2.0
עבירות כלפי הרכוש,בית הקרבן,633,1.0
עבירות מרמה,בית המבצע,633,4.0
עבירות כלפי המוסר,בית המבצע,633,3.0
עבירות סדר ציבורי,בית המבצע,633,2.0
עבירות כלפי הרכוש,בית המבצע,633,6.0
עבירות מרמה,בית המבצע,633,3.0
עבירות מרמה,בית המבצע,633,4.0
עבירות כלפי המוסר,בית המבצע,633,6.0
עבירות מין,בית המבצע,633,3.0
עבירות כלפי הרכוש,בית המבצע,633,1.0
עבירות סדר ציבורי,בית המבצע,633,2.0
עבירות נגד גוף,בית המבצע,633,2.0
עבירות כלפי המוסר,בית המבצע,633,1.0
עבירות כלפי המוסר,בית המבצע,633,1.0
עבירות כלפי המוסר,בית המבצע,633,6.0
עבירות כלפי הרכוש,בית המבצע,633,4.0
עבירות כלפי המוסר,בית המבצע,633,1.0
עבירות סדר ציבורי,בית המבצע,633,1.0
עבירות כלפי הרכוש,בית-קפה/מסעדה,633,1.0
עבירות כלפי הרכוש,בית-קפה/מסעדה,633,4.0
עבירות מין,בית-קפה/מסעדה,633,3.0
עבירות סדר ציבורי,בית-קפה/מסעדה,633,2.0
עבירות נגד גוף,בית-קפה/מסעדה,633,3.0
עבירות מרמה,בית-קפה/מסעדה,633,1.0
עבירות מרמה,בית-קפה/מסעדה,633,1.0
עבירות סדר ציבורי,בית-קפה/מסעדה,633,2.0
עבירות סדר ציבורי,בית-קפה/מסעדה,633,1.0
עבירות נגד גוף,בית-קפה/מסעדה,633,1.0
עבירות מין,"בי""ס תיכון כללי  ",633,5.0
עבירות כלפי הרכוש,"בי""ס תיכון כללי  ",633,5.0
עבירות כלפי המוסר,"אחר,שלא פורט לעיל",633,6.0
עבירות כלפי הרכוש,"אחר,שלא פורט לעיל",633,6.0
עבירות כלפי הרכוש,"אחר,שלא פורט לעיל",633,5.0
עבירות כלפי הרכוש,"אחר,שלא פורט לעיל",633,2.0
עבירות כלפי הרכוש,"אחר,שלא פורט לעיל",633,3.0
עבירות סדר ציבורי,"אחר,שלא פורט לעיל",633,1.0
עבירות כלפי הרכוש,"אחר,שלא פורט לעיל",633,2.0
עבירות כלפי הרכוש,"אחר,שלא פורט לעיל",633,1.0
עבירות כלפי הרכוש,אולם חתונות,633,1.0
עבירות כלפי הרכוש,אולם חתונות,633,1.0
עבירות כלפי הרכוש,אוטובוס,633,3.0
עבירות כלפי הרכוש,אוטובוס,633,5.0
עבירות נגד גוף,אוטובוס,633,6.0
עבירות כלפי הרכוש,אוטובוס,633,1.0
עבירות סדר ציבורי,תחנת אוטובוס,634,3.0
עבירות כלפי הרכוש,תחנת אוטובוס,634,3.0
עבירות כלפי הרכוש,תחנת אוטובוס,634,5.0
עבירות כלפי הרכוש,תחנת אוטובוס,634,5.0
עבירות כלפי הרכוש,תחנת אוטובוס,634,5.0
עבירות כלפי הרכוש,תחנת אוטובוס,634,4.0
עבירות כלפי הרכוש,תחנת אוטובוס,634,2.0
עבירות כלפי הרכוש,תחנת אוטובוס,634,6.0
עבירות כלפי הרכוש,תחנת אוטובוס,634,5.0
עבירות כלפי הרכוש,תחנת אוטובוס,634,4.0
עבירות כלפי הרכוש,תחנת אוטובוס,634,3.0
עבירות כלפי המוסר,רכב פרטי,634,6.0
עבירות כלפי הרכוש,רכב פרטי,634,3.0
עבירות סדר ציבורי,רכב פרטי,634,2.0
עבירות כלפי הרכוש,רכב פרטי,634,2.0
עבירות סדר ציבורי,רחוב,634,6.0
עבירות סדר ציבורי,רחוב,634,6.0
עבירות סדר ציבורי,רחוב,634,6.0
עבירות סדר ציבורי,רחוב,634,6.0
עבירות כלפי הרכוש,רחוב,634,6.0
עבירות כלפי הרכוש,רחוב,634,6.0
עבירות כלפי הרכוש,רחוב,634,6.0
עבירות נגד גוף,רחוב,634,6.0
עבירות כלפי הרכוש,רחוב,634,6.0
עבירות כלפי המוסר,רחוב,634,6.0
עבירות כלפי המוסר,רחוב,634,5.0
עבירות כלפי הרכוש,רחוב,634,5.0
עבירות נגד גוף,רחוב,634,5.0
עבירות כלפי הרכוש,רחוב,634,5.0
עבירות סדר ציבורי,רחוב,634,4.0
עבירות נגד גוף,רחוב,634,4.0
עבירות כלפי הרכוש,רחוב,634,4.0
עבירות כלפי הרכוש,רחוב,634,4.0
עבירות סדר ציבורי,רחוב,634,4.0
עבירות כלפי הרכוש,רחוב,634,3.0
עבירות נגד גוף,רחוב,634,3.0
עבירות כלפי הרכוש,רחוב,634,3.0
עבירות סדר ציבורי,רחוב,634,3.0
עבירות נגד גוף,רחוב,634,3.0
עבירות כלפי המוסר,רחוב,634,3.0
עבירות כלפי הרכוש,רחוב,634,2.0
עבירות נגד גוף,רחוב,634,2.0
עבירות כלפי הרכוש,רחוב,634,2.0
עבירות כלפי המוסר,רחוב,634,2.0
עבירות כלפי המוסר,רחוב,634,2.0
עבירות סדר ציבורי,רחוב,634,2.0
עבירות כלפי המוסר,רחוב,634,2.0
עבירות כלפי המוסר,רחוב,634,1.0
עבירות כלפי הרכוש,רחוב,634,2.0
עבירות כלפי הרכוש,רחוב,634,2.0
עבירות כלפי הרכוש,רחוב,634,1.0
עבירות כלפי הרכוש,רחוב,634,1.0
עבירות כלפי הרכוש,רחוב,634,1.0
עבירות סדר ציבורי,רחוב,634,1.0
עבירות סדר ציבורי,רחוב,634,1.0
עבירות סדר ציבורי,רחוב,634,6.0
עבירות סדר ציבורי,רחוב,634,6.0
עבירות נגד גוף,רחוב,634,6.0
עבירות כלפי הרכוש,רחוב,634,6.0
עבירות סדר ציבורי,רחוב,634,6.0
עבירות סדר ציבורי,רחוב,634,5.0
עבירות כלפי הרכוש,רחוב,634,5.0
עבירות כלפי הרכוש,רחוב,634,5.0
עבירות נגד גוף,רחוב,634,5.0
עבירות כלפי הרכוש,רחוב,634,5.0
עבירות סדר ציבורי,רחוב,634,5.0
עבירות כלפי המוסר,רחוב,634,4.0
עבירות כלפי הרכוש,רחוב,634,3.0
עבירות סדר ציבורי,רחוב,634,3.0
עבירות כלפי הרכוש,רחוב,634,3.0
עבירות כלפי הרכוש,רחוב,634,2.0
עבירות סדר ציבורי,רחוב,634,2.0
עבירות כלפי הרכוש,רחוב,634,2.0
עבירות כלפי הרכוש,רחוב,634,2.0
עבירות כלפי הרכוש,רחוב,634,2.0
עבירות כלפי המוסר,רחוב,634,2.0
עבירות כלפי הרכוש,רחוב,634,2.0
עבירות נגד גוף,רחוב,634,1.0
עבירות סדר ציבורי,רחוב,634,1.0
עבירות סדר ציבורי,רחוב,634,1.0
עבירות כלפי המוסר,רחוב,634,1.0
עבירות סדר ציבורי,רחוב,634,1.0
עבירות נגד גוף,רחוב,634,1.0
עבירות סדר ציבורי,רחוב,634,1.0
עבירות כלפי המוסר,רחוב,634,1.0
עבירות סדר ציבורי,רחוב,634,1.0
עבירות כלפי הרכוש,רחוב,634,1.0
עבירות סדר ציבורי,רחוב,634,6.0
עבירות נגד גוף,רחוב,634,6.0
עבירות מין,רחוב,634,6.0
עבירות כלפי המוסר,רחוב,634,6.0
עבירות סדר ציבורי,רחוב,634,5.0
עבירות כלפי המוסר,רחוב,634,5.0
עבירות נגד גוף,רחוב,634,5.0
עבירות סדר ציבורי,רחוב,634,5.0
עבירות כלפי המוסר,רחוב,634,5.0
עבירות כלפי הרכוש,רחוב,634,5.0
עבירות סדר ציבורי,רחוב,634,5.0
עבירות נגד גוף,רחוב,634,4.0
עבירות נגד גוף,רחוב,634,4.0
עבירות כלפי הרכוש,רחוב,634,4.0
עבירות כלפי הרכוש,רחוב,634,3.0
עבירות סדר ציבורי,רחוב,634,3.0
עבירות סדר ציבורי,רחוב,634,3.0
עבירות סדר ציבורי,רחוב,634,3.0
עבירות סדר ציבורי,רחוב,634,3.0
עבירות סדר ציבורי,רחוב,634,3.0
עבירות סדר ציבורי,רחוב,634,2.0
עבירות סדר ציבורי,רחוב,634,2.0
עבירות כלפי המוסר,רחוב,634,2.0
עבירות כלפי המוסר,רחוב,634,1.0
עבירות מרמה,רחוב,634,1.0
עבירות כלפי הרכוש,רחוב,634,1.0
עבירות כלפי הרכוש,רחוב,634,1.0
עבירות כלפי הרכוש,רחוב,634,1.0
עבירות כלפי הרכוש,רחוב,634,1.0
עבירות כלפי הרכוש,רחוב,634,1.0
עבירות כלפי הרכוש,רחוב,634,1.0
עבירות כלפי הרכוש,רחוב,634,1.0
עבירות סדר ציבורי,רחוב,634,6.0
עבירות סדר ציבורי,רחוב,634,6.0
עבירות כלפי הרכוש,רחוב,634,6.0
עבירות נגד גוף,רחוב,634,6.0
עבירות כלפי המוסר,רחוב,634,6.0
עבירות כלפי המוסר,רחוב,634,6.0
עבירות מין,רחוב,634,6.0
עבירות סדר ציבורי,רחוב,634,5.0
עבירות כלפי הרכוש,רחוב,634,5.0
עבירות כלפי המוסר,רחוב,634,5.0
עבירות כלפי הרכוש,רחוב,634,5.0
עבירות נגד גוף,רחוב,634,5.0
עבירות סדר ציבורי,רחוב,634,5.0
עבירות סדר ציבורי,רחוב,634,4.0
עבירות סדר ציבורי,רחוב,634,4.0
עבירות כלפי המוסר,רחוב,634,4.0
עבירות סדר ציבורי,רחוב,634,4.0
עבירות כלפי הרכוש,רחוב,634,4.0
עבירות סדר ציבורי,רחוב,634,4.0
עבירות כלפי הרכוש,רחוב,634,3.0
עבירות כלפי המוסר,רחוב,634,4.0
עבירות סדר ציבורי,רחוב,634,3.0
עבירות כלפי המוסר,רחוב,634,3.0
עבירות כלפי המוסר,רחוב,634,3.0
עבירות נגד גוף,רחוב,634,3.0
עבירות כלפי הרכוש,רחוב,634,3.0
עבירות נגד גוף,רחוב,634,3.0
עבירות כלפי הרכוש,רחוב,634,2.0
עבירות סדר ציבורי,רחוב,634,2.0
עבירות סדר ציבורי,רחוב,634,2.0
עבירות כלפי הרכוש,רחוב,634,2.0
עבירות כלפי הרכוש,רחוב,634,2.0
עבירות כלפי הרכוש,רחוב,634,2.0
עבירות כלפי הרכוש,רחוב,634,2.0
עבירות כלפי המוסר,רחוב,634,2.0
עבירות כלפי הרכוש,רחוב,634,2.0
עבירות סדר ציבורי,רחוב,634,2.0
עבירות כלפי המוסר,רחוב,634,2.0
עבירות כלפי הרכוש,רחוב,634,2.0
עבירות כלפי הרכוש,רחוב,634,2.0
עבירות כלפי הרכוש,רחוב,634,2.0
עבירות סדר ציבורי,רחוב,634,2.0
עבירות סדר ציבורי,רחוב,634,2.0
עבירות סדר ציבורי,רחוב,634,1.0
עבירות כלפי הרכוש,סניף דואר,634,2.0
עבירות כלפי הרכוש,סניף דואר,634,2.0
עבירות כלפי הרכוש,משרדים אחרים,634,1.0
עבירות כלפי הרכוש,משרדים,634,5.0
עבירות כלפי הרכוש,משרדים,634,1.0
עבירות כלפי הרכוש,משרדים,634,4.0
עבירות סדר ציבורי,משרדים,634,3.0
עבירות נגד גוף,משרדים,634,3.0
עבירות סדר ציבורי,משרדים,634,4.0
עבירות סדר ציבורי,משרדים,634,4.0
עבירות סדר ציבורי,משרד פרטי,634,3.0
עבירות סדר ציבורי,משרד פרטי,634,1.0
עבירות מרמה,משרד מוניציפאלי,634,4.0
עבירות מרמה,משרד מוניציפאלי,634,5.0
עבירות כלפי הרכוש,"מרפאה/קופ""ח      ",634,6.0
עבירות כלפי הרכוש,"מרכז מסחרי, שוק  ",634,6.0
עבירות כלפי הרכוש,"מרכז מסחרי, שוק  ",634,6.0
עבירות כלפי הרכוש,"מרכז מסחרי, שוק  ",634,3.0
שאר עבירות,"מרכז מסחרי, שוק  ",634,6.0
עבירות נגד גוף,"מרכז מסחרי, שוק  ",634,2.0
עבירות כלפי הרכוש,"מרכז מסחרי, שוק  ",634,6.0
עבירות כלפי הרכוש,"מרכז מסחרי, שוק  ",634,5.0
עבירות כלפי המוסר,מקומות אחרים,634,3.0
עבירות סדר ציבורי,מקומות אחרים,634,6.0
עבירות נגד גוף,מקומות אחרים,634,6.0
עבירות כלפי הרכוש,מעון ילדים,634,4.0
עבירות נגד גוף,מעון חסות לנוער,634,6.0
עבירות כלפי הרכוש,מעון חסות לנוער,634,5.0
עבירות נגד גוף,מעון חסות לנוער,634,3.0
עבירות סדר ציבורי,מעון חסות לנוער,634,5.0
עבירות כלפי המוסר,מעון חסות לנוער,634,5.0
עבירות כלפי הרכוש,מעון חסות לנוער,634,4.0
עבירות סדר ציבורי,מעון חסות לנוער,634,3.0
עבירות נגד גוף,מעון חסות לנוער,634,3.0
עבירות נגד גוף,מעון חסות לנוער,634,2.0
עבירות סדר ציבורי,מעון חסות לנוער,634,2.0
עבירות סדר ציבורי,מעון חסות לנוער,634,6.0
עבירות סדר ציבורי,מעון חסות לנוער,634,5.0
עבירות סדר ציבורי,מעון חסות לנוער,634,3.0
עבירות סדר ציבורי,מעון חסות לנוער,634,6.0
עבירות נגד גוף,מעון חסות לנוער,634,6.0
עבירות כלפי המוסר,מעון חסות לנוער,634,5.0
עבירות נגד גוף,מעון חסות לנוער,634,5.0
עבירות נגד גוף,מעון חסות לנוער,634,4.0
עבירות סדר ציבורי,מעון חסות לנוער,634,4.0
עבירות נגד גוף,מעון חסות לנוער,634,3.0
עבירות כלפי הרכוש,מעון חסות לנוער,634,2.0
עבירות סדר ציבורי,מעון חסות לנוער,634,1.0
עבירות כלפי הרכוש,"מספרה,מכוני יופי",634,1.0
עבירות סדר ציבורי,"מספרה,מכוני יופי",634,6.0
עבירות כלפי הרכוש,מחסן-מקלט,634,2.0
עבירות סדר ציבורי,מחסן-מקלט,634,2.0
עבירות כלפי הרכוש,מחסן-מקלט,634,3.0
עבירות כלפי הרכוש,מחסן-מקלט,634,2.0
עבירות כלפי הרכוש,מחסן-מקלט,634,3.0
עבירות כלפי הרכוש,מחסן-מקלט,634,2.0
עבירות כלפי הרכוש,מועדון,634,4.0
עבירות נגד גוף,מועדון,634,3.0
עבירות סדר ציבורי,מועדון,634,3.0
עבירות סדר ציבורי,מוסד ציבור אחר,634,1.0
עבירות מין,מוסד חנוך אחר,634,5.0
עבירות כלפי המוסר,מוסד חנוך אחר,634,5.0
עבירות כלפי המוסר,מוסד חנוך אחר,634,5.0
עבירות כלפי הרכוש,כביש עירוני,634,6.0
עבירות סדר ציבורי,טלפון,634,4.0
עבירות סדר ציבורי,טלפון,634,4.0
עבירות סדר ציבורי,טלפון,634,1.0
עבירות סדר ציבורי,טלפון,634,6.0
עבירות סדר ציבורי,חצר בית,634,6.0
עבירות נגד גוף,חצר בית,634,4.0
עבירות סדר ציבורי,חצר בית,634,3.0
עבירות נגד גוף,חצר בית,634,1.0
עבירות סדר ציבורי,חצר בית,634,6.0
עבירות נגד גוף,חצר בית,634,6.0
עבירות כלפי הרכוש,חצר בית,634,4.0
עבירות כלפי הרכוש,חצר בית,634,4.0
עבירות נגד גוף,חצר בית,634,3.0
עבירות מין,חצר בית,634,2.0
עבירות סדר ציבורי,חצר בית,634,1.0
עבירות סדר ציבורי,חצר בית,634,1.0
עבירות נגד גוף,חצר בית,634,2.0
עבירות סדר ציבורי,חצר בית,634,6.0
עבירות כלפי הרכוש,חצר בית,634,4.0
עבירות סדר ציבורי,חצר בית,634,4.0
עבירות כלפי הרכוש,חצר בית,634,4.0
עבירות נגד גוף,חצר בית,634,4.0
עבירות כלפי הרכוש,חצר בית,634,2.0
עבירות כלפי הרכוש,חניון,634,6.0
עבירות כלפי הרכוש,חניון,634,6.0
עבירות כלפי הרכוש,חניון,634,3.0
עבירות כלפי הרכוש,חניון,634,4.0
עבירות כלפי הרכוש,חניון,634,4.0
עבירות כלפי הרכוש,חניון,634,4.0
עבירות כלפי הרכוש,חניון,634,4.0
עבירות כלפי הרכוש,חניון,634,5.0
עבירות כלפי הרכוש,חניון,634,5.0
עבירות כלפי הרכוש,חניון,634,5.0
עבירות כלפי הרכוש,חניון,634,6.0
עבירות כלפי הרכוש,חניון,634,6.0
עבירות כלפי הרכוש,חניון,634,6.0
עבירות כלפי הרכוש,חניון,634,4.0
עבירות כלפי הרכוש,חניון,634,4.0
עבירות כלפי הרכוש,חניון,634,4.0
עבירות כלפי הרכוש,חניון,634,4.0
עבירות כלפי הרכוש,חניון,634,4.0
עבירות כלפי הרכוש,חניון,634,4.0
עבירות כלפי הרכוש,חניון,634,4.0
עבירות כלפי הרכוש,חניון,634,5.0
עבירות כלפי הרכוש,חניון,634,5.0
עבירות כלפי הרכוש,חניון,634,4.0
עבירות כלפי הרכוש,חניון,634,4.0
עבירות כלפי הרכוש,חניון,634,4.0
עבירות כלפי הרכוש,חניון,634,6.0
עבירות כלפי הרכוש,חניון,634,6.0
עבירות כלפי הרכוש,חניון,634,6.0
עבירות כלפי הרכוש,חניון,634,3.0
עבירות כלפי הרכוש,חניון,634,4.0
עבירות כלפי הרכוש,חניון,634,4.0
עבירות כלפי הרכוש,חניון,634,4.0
עבירות כלפי הרכוש,חניון,634,4.0
עבירות כלפי הרכוש,חניון,634,4.0
עבירות כלפי הרכוש,חניון,634,4.0
עבירות כלפי הרכוש,חניון,634,4.0
עבירות כלפי הרכוש,חניון,634,5.0
עבירות כלפי הרכוש,חניון,634,5.0
עבירות כלפי הרכוש,חניון,634,5.0
עבירות כלפי הרכוש,חניון,634,5.0
עבירות כלפי הרכוש,חניון,634,6.0
עבירות כלפי הרכוש,חניון,634,6.0
עבירות כלפי הרכוש,חניון,634,6.0
עבירות כלפי הרכוש,חניון,634,6.0
עבירות כלפי הרכוש,חניון,634,4.0
עבירות כלפי הרכוש,חניון,634,4.0
עבירות כלפי הרכוש,חניון,634,4.0
עבירות כלפי הרכוש,חניון,634,4.0
עבירות כלפי הרכוש,חניון,634,5.0
עבירות כלפי הרכוש,חניון,634,5.0
עבירות כלפי הרכוש,חניון,634,5.0
עבירות כלפי הרכוש,חניון,634,5.0
עבירות כלפי הרכוש,חניון,634,5.0
עבירות כלפי הרכוש,חניון,634,4.0
עבירות כלפי הרכוש,חניון,634,6.0
עבירות מרמה,חניה,634,5.0
עבירות כלפי הרכוש,חניה,634,6.0
עבירות כלפי הרכוש,חניה,634,5.0
עבירות כלפי הרכוש,חניה,634,3.0
עבירות כלפי הרכוש,חניה,634,3.0
עבירות כלפי הרכוש,חניה,634,3.0
עבירות כלפי הרכוש,חניה,634,2.0
עבירות כלפי הרכוש,חניה,634,6.0
עבירות כלפי הרכוש,חניה,634,3.0
עבירות כלפי הרכוש,חניה,634,2.0
עבירות כלפי הרכוש,חניה,634,2.0
עבירות כלפי הרכוש,חניה,634,6.0
עבירות סדר ציבורי,חניה,634,6.0
עבירות מרמה,חניה,634,5.0
עבירות נגד גוף,חניה,634,6.0
עבירות כלפי הרכוש,חניה,634,6.0
עבירות כלפי הרכוש,חניה,634,3.0
עבירות כלפי הרכוש,חנות לחשמל,634,4.0
עבירות נגד גוף,חנות ירקות,634,6.0
עבירות כלפי הרכוש,חנות הלבשה,634,1.0
עבירות כלפי הרכוש,חנויות אחרות,634,6.0
עבירות סדר ציבורי,חנויות אחרות,634,6.0
עבירות נגד גוף,חנויות אחרות,634,6.0
עבירות נגד גוף,חנויות אחרות,634,5.0
עבירות נגד גוף,חנויות אחרות,634,5.0
עבירות נגד גוף,חנויות אחרות,634,5.0
עבירות סדר ציבורי,חנויות אחרות,634,4.0
עבירות כלפי הרכוש,חנויות אחרות,634,3.0
עבירות סדר ציבורי,חנויות אחרות,634,3.0
עבירות כלפי הרכוש,חנויות אחרות,634,3.0
עבירות כלפי הרכוש,חנויות אחרות,634,2.0
עבירות כלפי הרכוש,חנויות אחרות,634,2.0
עבירות כלפי הרכוש,חנויות אחרות,634,2.0
עבירות כלפי הרכוש,חנויות אחרות,634,2.0
עבירות כלפי הרכוש,חנויות אחרות,634,1.0
עבירות כלפי הרכוש,חנויות אחרות,634,6.0
עבירות כלפי הרכוש,חנויות אחרות,634,5.0
עבירות כלפי הרכוש,חנויות אחרות,634,5.0
עבירות סדר ציבורי,חנויות אחרות,634,4.0
עבירות נגד גוף,חנויות אחרות,634,4.0
עבירות סדר ציבורי,חנויות אחרות,634,4.0
עבירות כלפי הרכוש,חנויות אחרות,634,2.0
עבירות כלפי הרכוש,חנויות אחרות,634,1.0
עבירות כלפי הרכוש,חנויות אחרות,634,1.0
עבירות סדר ציבורי,חנויות אחרות,634,6.0
עבירות כלפי הרכוש,חנויות אחרות,634,5.0
עבירות כלפי הרכוש,חנויות אחרות,634,5.0
עבירות כלפי הרכוש,חנויות אחרות,634,4.0
עבירות כלפי הרכוש,חנויות אחרות,634,4.0
עבירות כלפי הרכוש,חנויות אחרות,634,4.0
עבירות נגד גוף,חנויות אחרות,634,4.0
עבירות כלפי הרכוש,חנויות אחרות,634,3.0
עבירות כלפי הרכוש,חנויות אחרות,634,3.0
עבירות כלפי הרכוש,חנויות אחרות,634,2.0
עבירות סדר ציבורי,חנויות אחרות,634,2.0
עבירות כלפי הרכוש,חנויות אחרות,634,1.0
עבירות כלפי הרכוש,חנויות אחרות,634,1.0
עבירות כלפי הרכוש,חנויות אחרות,634,1.0
עבירות כלפי הרכוש,חנויות אחרות,634,6.0
עבירות סדר ציבורי,חנויות אחרות,634,5.0
עבירות סדר ציבורי,חנויות אחרות,634,5.0
עבירות כלפי הרכוש,חנויות אחרות,634,4.0
עבירות כלפי הרכוש,חנויות אחרות,634,4.0
עבירות כלפי הרכוש,חנויות אחרות,634,4.0
עבירות כלפי הרכוש,חנויות אחרות,634,3.0
עבירות סדר ציבורי,חנויות אחרות,634,2.0
עבירות כלפי הרכוש,חנויות אחרות,634,2.0
עבירות כלפי הרכוש,חנויות אחרות,634,2.0
עבירות סדר ציבורי,חנויות אחרות,634,2.0
עבירות סדר ציבורי,"חדר מדרגות,מעליות",634,5.0
עבירות סדר ציבורי,"חדר מדרגות,מעליות",634,2.0
עבירות סדר ציבורי,"חדר מדרגות,מעליות",634,2.0
עבירות נגד גוף,"חדר מדרגות,מעליות",634,5.0
עבירות סדר ציבורי,"חדר מדרגות,מעליות",634,3.0
עבירות כלפי הרכוש,"חדר מדרגות,מעליות",634,5.0
עבירות כלפי הרכוש,"חדר מדרגות,מעליות",634,1.0
עבירות נגד גוף,"חדר מדרגות,מעליות",634,6.0
עבירות כלפי הרכוש,"חדר מדרגות,מעליות",634,5.0
עבירות נגד גוף,"חדר מדרגות,מעליות",634,5.0
עבירות סדר ציבורי,"חדר מדרגות,מעליות",634,5.0
עבירות כלפי הרכוש,גן ציבורי - פארק,634,2.0
עבירות נגד גוף,גן ציבורי - פארק,634,2.0
עבירות נגד גוף,גן ציבורי - פארק,634,2.0
עבירות נגד גוף,גן ציבורי - פארק,634,1.0
עבירות כלפי המוסר,גן ציבורי - פארק,634,6.0
עבירות כלפי הרכוש,גן ציבורי - פארק,634,4.0
עבירות כלפי המוסר,גן ציבורי - פארק,634,1.0
עבירות כלפי הרכוש,גג,634,4.0
עבירות כלפי הרכוש,בנק,634,5.0
עבירות מרמה,בנק,634,5.0
עבירות כלפי הרכוש,בנק,634,6.0
עבירות מרמה,בנק,634,6.0
עבירות כלפי הרכוש,בנק,634,6.0
עבירות מרמה,בנק,634,5.0
עבירות כלפי הרכוש,בנק,634,3.0
שאר עבירות,בנק,634,2.0
עבירות מרמה,בנק,634,1.0
עבירות מרמה,בנק,634,5.0
שאר עבירות,בנק,634,5.0
עבירות מרמה,בנק,634,5.0
עבירות מרמה,בנק,634,5.0
עבירות מרמה,בנק,634,5.0
עבירות כלפי הרכוש,בנק,634,4.0
עבירות כלכליות,בנק,634,5.0
עבירות כלפי הרכוש,בנק,634,5.0
עבירות כלפי הרכוש,בנק,634,5.0
עבירות מרמה,בנק,634,3.0
עבירות כלפי הרכוש,בנק,634,4.0
עבירות מרמה,בנק,634,2.0
עבירות מרמה,בנק,634,6.0
עבירות מרמה,בנק,634,5.0
עבירות כלפי הרכוש,בנק,634,5.0
עבירות כלפי הרכוש,בנק,634,3.0
עבירות כלפי הרכוש,בנק,634,2.0
עבירות כלפי הרכוש,בנק,634,1.0
עבירות נגד גוף,בית עסק סיטונאי,634,6.0
עבירות סדר ציבורי,בית עסק סיטונאי,634,5.0
עבירות כלפי הרכוש,בית עסק סיטונאי,634,2.0
עבירות כלפי הרכוש,בית עסק סיטונאי,634,5.0
עבירות נגד גוף,בית עסק סיטונאי,634,3.0
עבירות סדר ציבורי,בית מלון,634,4.0
עבירות סדר ציבורי,בית מלון,634,4.0
עבירות כלפי הרכוש,בית מלון,634,4.0
עבירות כלפי הרכוש,בית מלון,634,4.0
עבירות סדר ציבורי,בית מלאכה,634,3.0
עבירות כלפי הרכוש,בית מלאכה,634,3.0
עבירות סדר ציבורי,בית מלאכה,634,3.0
עבירות סדר ציבורי,בית מגורים אחר,634,6.0
עבירות כלפי המוסר,בית מגורים אחר,634,6.0
עבירות נגד גוף,בית מגורים אחר,634,6.0
עבירות כלפי המוסר,בית מגורים אחר,634,5.0
עבירות כלפי הרכוש,בית מגורים אחר,634,5.0
עבירות סדר ציבורי,בית מגורים אחר,634,3.0
עבירות כלפי הרכוש,בית מגורים אחר,634,3.0
עבירות סדר ציבורי,בית מגורים אחר,634,2.0
עבירות סדר ציבורי,בית מגורים אחר,634,4.0
עבירות כלפי המוסר,בית מגורים אחר,634,3.0
עבירות כלפי הרכוש,בית מגורים אחר,634,2.0
עבירות כלפי הרכוש,בית מגורים אחר,634,5.0
עבירות כלפי הרכוש,בית מגורים אחר,634,5.0
עבירות כלפי הרכוש,בית מגורים אחר,634,2.0
עבירות נגד גוף,בית מגורים אחר,634,5.0
עבירות סדר ציבורי,בית מגורים אחר,634,5.0
עבירות סדר ציבורי,בית מגורים אחר,634,4.0
עבירות סדר ציבורי,בית מגורים אחר,634,2.0
עבירות כלפי הרכוש,בית מגורים אחר,634,2.0
עבירות נגד גוף,בית הקרבן,634,6.0
עבירות סדר ציבורי,בית הקרבן,634,5.0
עבירות סדר ציבורי,בית הקרבן,634,5.0
עבירות סדר ציבורי,בית הקרבן,634,5.0
עבירות כלפי הרכוש,בית הקרבן,634,5.0
עבירות כלפי המוסר,בית הקרבן,634,5.0
עבירות סדר ציבורי,בית הקרבן,634,4.0
עבירות נגד גוף,בית הקרבן,634,4.0
עבירות נגד גוף,בית הקרבן,634,4.0
עבירות סדר ציבורי,בית הקרבן,634,3.0
עבירות נגד גוף,בית הקרבן,634,3.0
עבירות נגד גוף,בית הקרבן,634,2.0
עבירות סדר ציבורי,בית הקרבן,634,2.0
עבירות סדר ציבורי,בית הקרבן,634,1.0
עבירות נגד גוף,בית הקרבן,634,1.0
עבירות כלפי הרכוש,בית הקרבן,634,1.0
עבירות סדר ציבורי,בית הקרבן,634,1.0
עבירות סדר ציבורי,בית הקרבן,634,6.0
עבירות כלפי הרכוש,בית הקרבן,634,6.0
עבירות מין,בית הקרבן,634,3.0
עבירות סדר ציבורי,בית הקרבן,634,6.0
עבירות סדר ציבורי,בית הקרבן,634,5.0
עבירות סדר ציבורי,בית הקרבן,634,5.0
עבירות נגד גוף,בית הקרבן,634,5.0
עבירות כלפי הרכוש,בית הקרבן,634,5.0
עבירות נגד גוף,בית הקרבן,634,4.0
עבירות כלפי הרכוש,בית הקרבן,634,4.0
עבירות סדר ציבורי,בית הקרבן,634,4.0
עבירות כלפי הרכוש,בית הקרבן,634,4.0
עבירות סדר ציבורי,בית הקרבן,634,4.0
עבירות סדר ציבורי,בית הקרבן,634,4.0
עבירות כלפי הרכוש,בית הקרבן,634,3.0
עבירות סדר ציבורי,בית הקרבן,634,3.0
עבירות סדר ציבורי,בית הקרבן,634,2.0
עבירות סדר ציבורי,בית הקרבן,634,2.0
עבירות סדר ציבורי,בית הקרבן,634,1.0
עבירות סדר ציבורי,בית הקרבן,634,1.0
עבירות סדר ציבורי,בית הקרבן,634,1.0
עבירות סדר ציבורי,בית הקרבן,634,5.0
עבירות סדר ציבורי,בית הקרבן,634,5.0
עבירות כלפי הרכוש,בית הקרבן,634,5.0
עבירות נגד גוף,בית הקרבן,634,4.0
עבירות סדר ציבורי,בית הקרבן,634,4.0
עבירות סדר ציבורי,בית הקרבן,634,3.0
עבירות כלפי הרכוש,בית הקרבן,634,3.0
עבירות סדר ציבורי,בית הקרבן,634,1.0
עבירות סדר ציבורי,בית הקרבן,634,1.0
עבירות כלפי הרכוש,בית הקרבן,634,4.0
עבירות כלפי הרכוש,בית הקרבן,634,5.0
עבירות כלפי הרכוש,בית הקרבן,634,5.0
עבירות סדר ציבורי,בית הקרבן,634,5.0
עבירות סדר ציבורי,בית הקרבן,634,5.0
עבירות סדר ציבורי,בית הקרבן,634,5.0
עבירות כלפי הרכוש,בית הקרבן,634,5.0
עבירות סדר ציבורי,בית הקרבן,634,5.0
עבירות כלפי הרכוש,בית הקרבן,634,5.0
עבירות סדר ציבורי,בית הקרבן,634,4.0
עבירות סדר ציבורי,בית הקרבן,634,4.0
עבירות סדר ציבורי,בית הקרבן,634,4.0
עבירות סדר ציבורי,בית הקרבן,634,3.0
עבירות נגד גוף,בית הקרבן,634,4.0
עבירות סדר ציבורי,בית הקרבן,634,3.0
עבירות כלפי הרכוש,בית הקרבן,634,3.0
עבירות כלפי הרכוש,בית הקרבן,634,1.0
עבירות כלפי הרכוש,בית הקרבן,634,2.0
עבירות סדר ציבורי,בית הקרבן,634,1.0
עבירות נגד גוף,בית הקרבן,634,1.0
עבירות כלפי הרכוש,בית המבצע,634,5.0
עבירות בטחון,בית המבצע,634,6.0
עבירות נגד גוף,בית המבצע,634,5.0
עבירות כלפי הרכוש,בית המבצע,634,4.0
עבירות כלפי המוסר,בית המבצע,634,3.0
עבירות כלפי המוסר,בית המבצע,634,2.0
עבירות סדר ציבורי,בית המבצע,634,5.0
עבירות נגד גוף,בית המבצע,634,4.0
עבירות נגד גוף,בית המבצע,634,3.0
עבירות בטחון,בית המבצע,634,3.0
עבירות כלפי המוסר,בית המבצע,634,3.0
עבירות נגד גוף,בית המבצע,634,2.0
עבירות כלפי המוסר,בית המבצע,634,2.0
עבירות כלפי הרכוש,בית המבצע,634,1.0
עבירות נגד גוף,בית המבצע,634,1.0
עבירות כלפי המוסר,בית המבצע,634,6.0
עבירות כלפי הרכוש,בית המבצע,634,6.0
עבירות כלפי הרכוש,בית המבצע,634,6.0
עבירות כלפי המוסר,בית המבצע,634,6.0
עבירות סדר ציבורי,בית המבצע,634,5.0
עבירות סדר ציבורי,בית המבצע,634,5.0
עבירות כלפי המוסר,בית המבצע,634,3.0
עבירות כלפי הרכוש,בית המבצע,634,4.0
עבירות סדר ציבורי,בית המבצע,634,2.0
עבירות כלפי הרכוש,בית המבצע,634,6.0
עבירות סדר ציבורי,בית המבצע,634,5.0
עבירות כלפי המוסר,בית המבצע,634,5.0
עבירות סדר ציבורי,בית המבצע,634,5.0
עבירות כלפי המוסר,בית המבצע,634,3.0
עבירות סדר ציבורי,בית המבצע,634,2.0
עבירות סדר ציבורי,בית בושת,634,5.0
עבירות כלפי הרכוש,בית אבות,634,6.0
עבירות סדר ציבורי,בית-קפה/מסעדה,634,2.0
עבירות סדר ציבורי,בית-קפה/מסעדה,634,5.0
עבירות כלפי הרכוש,בית-קפה/מסעדה,634,2.0
עבירות נגד גוף,בית-ספר יסודי,634,5.0
עבירות סדר ציבורי,אתר בניה,634,1.0
עבירות מרמה,"אחר,שלא פורט לעיל",634,5.0
עבירות מרמה,"אחר,שלא פורט לעיל",634,3.0
עבירות מרמה,"אחר,שלא פורט לעיל",634,3.0
עבירות כלפי הרכוש,"אחר,שלא פורט לעיל",634,2.0
עבירות כלפי הרכוש,"אחר,שלא פורט לעיל",634,6.0
עבירות כלפי הרכוש,"אחר,שלא פורט לעיל",634,2.0
עבירות כלפי הרכוש,"אחר,שלא פורט לעיל",634,5.0
עבירות סדר ציבורי,"אחר,שלא פורט לעיל",634,4.0
עבירות מרמה,"אחר,שלא פורט לעיל",634,3.0
עבירות כלפי הרכוש,"אחר,שלא פורט לעיל",634,2.0
עבירות בטחון,"אחר,שלא פורט לעיל",634,2.0
עבירות בטחון,"אחר,שלא פורט לעיל",634,2.0
עבירות סדר ציבורי,"אחר,שלא פורט לעיל",634,5.0
עבירות כלפי הרכוש,"אחר,שלא פורט לעיל",634,5.0
עבירות מרמה,"אחר,שלא פורט לעיל",634,3.0
עבירות סדר ציבורי,"אחר,שלא פורט לעיל",634,4.0
עבירות כלפי הרכוש,אוטובוס,634,4.0
עבירות כלפי הרכוש,רכב מנועי אחר,641,3.0
עבירות סדר ציבורי,רכב מנועי אחר,641,3.0
עבירות נגד גוף,רחוב,641,6.0
עבירות סדר ציבורי,רחוב,641,5.0
עבירות סדר ציבורי,רחוב,641,4.0
עבירות מין,רחוב,641,3.0
עבירות נגד גוף,רחוב,641,1.0
עבירות סדר ציבורי,רחוב,641,1.0
עבירות נגד גוף,רחוב,641,6.0
עבירות כלפי הרכוש,רחוב,641,6.0
עבירות סדר ציבורי,רחוב,641,4.0
עבירות סדר ציבורי,רחוב,641,4.0
עבירות כלפי המוסר,רחוב,641,4.0
עבירות כלפי המוסר,רחוב,641,6.0
עבירות סדר ציבורי,רחוב,641,4.0
עבירות מין,רחוב,641,4.0
עבירות כלפי המוסר,רחוב,641,3.0
עבירות סדר ציבורי,רחוב,641,2.0
עבירות כלפי הרכוש,רחוב,641,3.0
עבירות כלפי המוסר,רחוב,641,2.0
עבירות סדר ציבורי,רחוב,641,2.0
עבירות סדר ציבורי,רחוב,641,1.0
עבירות סדר ציבורי,רחוב,641,5.0
עבירות נגד גוף,רחוב,641,4.0
עבירות מין,רחוב,641,4.0
עבירות סדר ציבורי,רחוב,641,4.0
עבירות כלפי המוסר,רחוב,641,3.0
עבירות כלפי הרכוש,רחוב,641,3.0
עבירות סדר ציבורי,רחוב,641,2.0
עבירות סדר ציבורי,רחוב,641,2.0
עבירות סדר ציבורי,רחוב,641,1.0
עבירות כלפי הרכוש,סניף דואר,641,3.0
עבירות כלפי הרכוש,משרדים,641,1.0
עבירות מרמה,משרד פרטי,641,3.0
עבירות כלפי הרכוש,משרד פרטי,641,1.0
עבירות סדר ציבורי,משרד מוניציפאלי,641,2.0
עבירות סדר ציבורי,משרד מוניציפאלי,641,2.0
עבירות סדר ציבורי,משרד מוניציפאלי,641,2.0
עבירות כלפי הרכוש,"מרפאה/קופ""ח      ",641,4.0
עבירות כלפי הרכוש,"מרפאה/קופ""ח      ",641,1.0
עבירות כלפי הרכוש,מחסן-מקלט,641,6.0
עבירות כלפי הרכוש,מחסן-מקלט,641,6.0
עבירות כלפי הרכוש,מחסן-מקלט,641,6.0
עבירות כלפי הרכוש,מועדון,641,2.0
עבירות כלפי הרכוש,מוסך,641,6.0
עבירות כלפי הרכוש,מוסך,641,6.0
עבירות כלפי הרכוש,מוסד דת)בית כנסת,641,2.0
עבירות כלפי הרכוש,מוסד דת)בית כנסת,641,2.0
עבירות כלפי הרכוש,מוסד דת)בית כנסת,641,2.0
עבירות כלפי הרכוש,מוסד דת)בית כנסת,641,1.0
עבירות כלפי הרכוש,מוסד דת)בית כנסת,641,2.0
עבירות סדר ציבורי,מוסד דת)בית כנסת,641,1.0
עבירות סדר ציבורי,מוסד דת)בית כנסת,641,2.0
עבירות כלפי הרכוש,מונית,641,6.0
עבירות כלפי הרכוש,מבנה אחר,641,3.0
עבירות כלפי הרכוש,"כל-בו,סופרמקט   ",641,5.0
עבירות כלפי הרכוש,"כל-בו,סופרמקט   ",641,4.0
עבירות סדר ציבורי,טלפון,641,5.0
עבירות כלפי הרכוש,חצר בית,641,6.0
עבירות כלפי הרכוש,חצר בית,641,5.0
עבירות סדר ציבורי,חצר בית,641,5.0
עבירות סדר ציבורי,חצר בית,641,5.0
עבירות כלפי הרכוש,חצר בית,641,4.0
עבירות כלפי הרכוש,חצר בית,641,2.0
עבירות נגד גוף,חצר בית,641,5.0
עבירות כלפי הרכוש,חצר בית,641,5.0
עבירות נגד גוף,חצר בית,641,4.0
עבירות מין,חצר בית,641,4.0
עבירות סדר ציבורי,חצר בית,641,2.0
עבירות סדר ציבורי,חצר בית,641,6.0
עבירות כלפי הרכוש,חצר בית,641,5.0
עבירות סדר ציבורי,חצר בית,641,5.0
עבירות כלפי הרכוש,חצר בית,641,5.0
עבירות נגד גוף,חצר בית,641,5.0
עבירות סדר ציבורי,חצר בית,641,4.0
עבירות נגד גוף,חצר בית,641,4.0
עבירות כלפי הרכוש,חצר בית,641,3.0
עבירות נגד גוף,חצר בית,641,1.0
עבירות כלפי הרכוש,חניה,641,5.0
עבירות כלפי הרכוש,חניה,641,5.0
עבירות כלפי הרכוש,חניה,641,1.0
עבירות כלפי הרכוש,חניה,641,1.0
עבירות כלפי הרכוש,חניה,641,4.0
עבירות כלפי הרכוש,חניה,641,4.0
עבירות סדר ציבורי,חנות מכולת,641,3.0
עבירות כלפי הרכוש,חנות מכולת,641,3.0
עבירות כלפי הרכוש,חנות מכולת,641,3.0
עבירות כלפי הרכוש,חנות מכולת,641,3.0
עבירות כלפי הרכוש,חנויות אחרות,641,4.0
עבירות נגד גוף,חנויות אחרות,641,4.0
עבירות סדר ציבורי,חנויות אחרות,641,4.0
עבירות סדר ציבורי,חנויות אחרות,641,2.0
עבירות נגד גוף,חנויות אחרות,641,4.0
עבירות כלפי הרכוש,חנויות אחרות,641,4.0
עבירות כלפי הרכוש,חנויות אחרות,641,3.0
עבירות כלפי הרכוש,חנויות אחרות,641,5.0
עבירות כלפי הרכוש,חנויות אחרות,641,4.0
עבירות כלפי הרכוש,חנויות אחרות,641,3.0
עבירות כלפי הרכוש,חנויות אחרות,641,2.0
עבירות סדר ציבורי,חנויות אחרות,641,3.0
עבירות כלפי הרכוש,חנויות אחרות,641,2.0
עבירות נגד גוף,חנויות אחרות,641,2.0
עבירות נגד גוף,"חדר מדרגות,מעליות",641,2.0
עבירות נגד גוף,"חדר מדרגות,מעליות",641,2.0
עבירות כלפי הרכוש,"חדר מדרגות,מעליות",641,5.0
עבירות כלפי הרכוש,"חדר מדרגות,מעליות",641,5.0
עבירות סדר ציבורי,"חדר מדרגות,מעליות",641,2.0
עבירות סדר ציבורי,"חדר מדרגות,מעליות",641,6.0
עבירות נגד גוף,"חדר מדרגות,מעליות",641,6.0
עבירות כלפי הרכוש,"חדר מדרגות,מעליות",641,5.0
עבירות כלפי הרכוש,"חדר מדרגות,מעליות",641,1.0
עבירות כלפי הרכוש,גג,641,5.0
עבירות כלפי הרכוש,גג,641,2.0
עבירות מרמה,בנק,641,3.0
עבירות כלפי הרכוש,בנק,641,1.0
עבירות כלפי הרכוש,בנק,641,4.0
עבירות כלפי הרכוש,בנק,641,3.0
עבירות כלפי הרכוש,בית עסק סיטונאי,641,5.0
עבירות סדר ציבורי,בית משפט,641,2.0
עבירות כלפי הרכוש,בית משפט,641,3.0
עבירות נגד גוף,בית משפט,641,2.0
עבירות סדר ציבורי,בית משפט,641,1.0
עבירות סדר ציבורי,בית מלון,641,4.0
עבירות כלפי הרכוש,בית מגורים אחר,641,3.0
עבירות סדר ציבורי,בית מגורים אחר,641,6.0
עבירות סדר ציבורי,בית מגורים אחר,641,6.0
עבירות כלפי הרכוש,בית מגורים אחר,641,4.0
עבירות סדר ציבורי,בית חולים,641,1.0
עבירות נגד גוף,בית חולים,641,1.0
עבירות כלפי הרכוש,בית חולים,641,4.0
עבירות כלפי הרכוש,בית הקרבן,641,6.0
עבירות סדר ציבורי,בית הקרבן,641,5.0
עבירות סדר ציבורי,בית הקרבן,641,5.0
עבירות נגד גוף,בית הקרבן,641,5.0
עבירות סדר ציבורי,בית הקרבן,641,5.0
עבירות כלפי הרכוש,בית הקרבן,641,5.0
עבירות נגד גוף,בית הקרבן,641,5.0
עבירות סדר ציבורי,בית הקרבן,641,5.0
עבירות כלפי הרכוש,בית הקרבן,641,4.0
עבירות סדר ציבורי,בית הקרבן,641,4.0
עבירות כלפי הרכוש,בית הקרבן,641,4.0
עבירות כלפי הרכוש,בית הקרבן,641,4.0
עבירות סדר ציבורי,בית הקרבן,641,4.0
עבירות כלפי הרכוש,בית הקרבן,641,3.0
עבירות כלפי הרכוש,בית הקרבן,641,2.0
עבירות כלפי הרכוש,בית הקרבן,641,1.0
עבירות סדר ציבורי,בית הקרבן,641,6.0
עבירות כלפי הרכוש,בית הקרבן,641,6.0
עבירות כלפי הרכוש,בית הקרבן,641,6.0
עבירות כלפי הרכוש,בית הקרבן,641,3.0
עבירות נגד גוף,בית הקרבן,641,5.0
עבירות כלפי הרכוש,בית הקרבן,641,5.0
עבירות נגד גוף,בית הקרבן,641,4.0
עבירות כלפי הרכוש,בית הקרבן,641,4.0
עבירות כלפי הרכוש,בית הקרבן,641,4.0
עבירות כלפי הרכוש,בית הקרבן,641,4.0
עבירות כלפי הרכוש,בית הקרבן,641,3.0
עבירות נגד גוף,בית הקרבן,641,3.0
עבירות סדר ציבורי,בית הקרבן,641,3.0
עבירות כלפי הרכוש,בית הקרבן,641,1.0
עבירות כלפי הרכוש,בית הקרבן,641,1.0
עבירות סדר ציבורי,בית הקרבן,641,1.0
עבירות סדר ציבורי,בית הקרבן,641,6.0
עבירות נגד גוף,בית הקרבן,641,6.0
עבירות כלפי הרכוש,בית הקרבן,641,6.0
עבירות נגד גוף,בית הקרבן,641,5.0
עבירות סדר ציבורי,בית הקרבן,641,5.0
עבירות כלפי הרכוש,בית הקרבן,641,5.0
עבירות סדר ציבורי,בית הקרבן,641,5.0
עבירות כלפי הרכוש,בית הקרבן,641,4.0
עבירות נגד גוף,בית הקרבן,641,4.0
עבירות כלפי הרכוש,בית הקרבן,641,4.0
עבירות נגד גוף,בית הקרבן,641,4.0
עבירות כלפי הרכוש,בית הקרבן,641,4.0
עבירות סדר ציבורי,בית הקרבן,641,1.0
עבירות נגד גוף,בית הקרבן,641,5.0
עבירות נגד גוף,בית הקרבן,641,6.0
עבירות נגד גוף,בית הקרבן,641,6.0
עבירות סדר ציבורי,בית הקרבן,641,6.0
עבירות סדר ציבורי,בית הקרבן,641,6.0
עבירות כלפי הרכוש,בית הקרבן,641,5.0
עבירות סדר ציבורי,בית הקרבן,641,4.0
עבירות כלפי הרכוש,בית הקרבן,641,4.0
עבירות כלפי הרכוש,בית הקרבן,641,4.0
עבירות כלפי הרכוש,בית הקרבן,641,2.0
עבירות סדר ציבורי,בית הקרבן,641,2.0
עבירות נגד גוף,בית הקרבן,641,2.0
עבירות כלפי הרכוש,בית הקרבן,641,2.0
עבירות כלפי הרכוש,בית הקרבן,641,2.0
עבירות כלפי הרכוש,בית הקרבן,641,2.0
עבירות כלפי הרכוש,בית הקרבן,641,1.0
עבירות סדר ציבורי,בית המבצע,641,6.0
עבירות סדר ציבורי,בית המבצע,641,6.0
עבירות מין,בית המבצע,641,5.0
עבירות נגד גוף,בית המבצע,641,4.0
עבירות בטחון,בית המבצע,641,3.0
עבירות כלפי הרכוש,בית המבצע,641,1.0
עבירות סדר ציבורי,בית המבצע,641,6.0
עבירות כלפי המוסר,בית המבצע,641,6.0
עבירות סדר ציבורי,בית המבצע,641,5.0
עבירות סדר ציבורי,בית המבצע,641,5.0
עבירות מרמה,בית המבצע,641,5.0
עבירות מרמה,בית המבצע,641,3.0
עבירות כלפי הרכוש,בית המבצע,641,3.0
עבירות סדר ציבורי,בית המבצע,641,3.0
עבירות נגד גוף,בית המבצע,641,3.0
עבירות סדר ציבורי,בית המבצע,641,1.0
שאר עבירות,בית המבצע,641,5.0
עבירות כלפי הרכוש,בית המבצע,641,5.0
עבירות כלפי המוסר,בית המבצע,641,5.0
עבירות כלפי המוסר,בית המבצע,641,3.0
עבירות כלפי הרכוש,בית המבצע,641,3.0
עבירות נגד גוף,בית המבצע,641,1.0
עבירות נגד גוף,בית המבצע,641,6.0
עבירות נגד גוף,בית המבצע,641,6.0
עבירות סדר ציבורי,בית המבצע,641,6.0
עבירות מרמה,בית המבצע,641,5.0
עבירות כלפי המוסר,בית המבצע,641,5.0
עבירות כלפי המוסר,בית המבצע,641,2.0
עבירות כלפי המוסר,בית המבצע,641,1.0
עבירות כלפי הרכוש,אתר בניה,641,4.0
עבירות נגד גוף,"אחר,שלא פורט לעיל",641,5.0
עבירות סדר ציבורי,"אחר,שלא פורט לעיל",641,2.0
עבירות נגד גוף,"אחר,שלא פורט לעיל",641,6.0
עבירות כלפי הרכוש,"אחר,שלא פורט לעיל",641,3.0
עבירות נגד גוף,"אחר,שלא פורט לעיל",641,3.0
עבירות כלפי הרכוש,"אחר,שלא פורט לעיל",641,3.0
עבירות כלפי הרכוש,"אחר,שלא פורט לעיל",641,2.0
עבירות כלפי הרכוש,אוטובוס,641,2.0
עבירות כלפי הרכוש,אוטובוס,641,2.0
עבירות כלפי המוסר,רחוב,642,6.0
עבירות כלפי הרכוש,רחוב,642,6.0
עבירות סדר ציבורי,רחוב,642,4.0
עבירות סדר ציבורי,רחוב,642,6.0
עבירות סדר ציבורי,רחוב,642,4.0
עבירות כלפי המוסר,רחוב,642,3.0
עבירות כלפי המוסר,רחוב,642,1.0
עבירות כלפי הרכוש,רחוב,642,5.0
עבירות סדר ציבורי,רחוב,642,4.0
עבירות כלפי המוסר,רחוב,642,3.0
עבירות כלפי הרכוש,רחוב,642,1.0
עבירות נגד גוף,רחוב,642,6.0
עבירות מרמה,רחוב,642,4.0
עבירות סדר ציבורי,רחוב,642,4.0
עבירות כלפי הרכוש,משרד פרטי,642,3.0
עבירות כלפי הרכוש,מקום רחצה אחר,642,1.0
עבירות כלפי הרכוש,מחסן-מקלט,642,5.0
עבירות כלפי הרכוש,מחסן-מקלט,642,4.0
עבירות כלפי הרכוש,מוסד דת)בית כנסת,642,1.0
עבירות כלפי הרכוש,מבנה אחר,642,5.0
עבירות כלפי הרכוש,ישיבה גבוהה,642,4.0
עבירות סדר ציבורי,חצר בית,642,6.0
עבירות כלפי הרכוש,חצר בית,642,6.0
עבירות נגד גוף,חצר בית,642,4.0
עבירות כלפי הרכוש,חצר בית,642,2.0
עבירות כלפי הרכוש,חצר בית,642,1.0
עבירות נגד גוף,חצר בית,642,5.0
עבירות כלפי הרכוש,חצר בית,642,1.0
עבירות כלפי הרכוש,חצר בית,642,6.0
עבירות סדר ציבורי,חצר בית,642,6.0
עבירות כלפי הרכוש,חצר בית,642,5.0
עבירות סדר ציבורי,חצר בית,642,5.0
עבירות נגד גוף,חצר בית,642,3.0
עבירות כלפי הרכוש,חניה,642,5.0
עבירות כלפי הרכוש,חניה,642,3.0
עבירות כלפי הרכוש,חניה,642,1.0
עבירות כלפי הרכוש,חניה,642,5.0
עבירות כלפי הרכוש,חנות מכולת,642,1.0
עבירות כלפי הרכוש,חנות מכולת,642,5.0
עבירות כלפי הרכוש,חנות מכולת,642,3.0
עבירות נגד גוף,חנות לחשמל,642,5.0
עבירות כלפי הרכוש,חנות לחשמל,642,3.0
עבירות סדר ציבורי,חנויות אחרות,642,5.0
עבירות כלפי הרכוש,חנויות אחרות,642,5.0
עבירות נגד גוף,חנויות אחרות,642,5.0
עבירות סדר ציבורי,"חדר מדרגות,מעליות",642,4.0
עבירות סדר ציבורי,"חדר מדרגות,מעליות",642,4.0
עבירות סדר ציבורי,"חדר מדרגות,מעליות",642,1.0
עבירות נגד גוף,גן ציבורי - פארק,642,2.0
עבירות סדר ציבורי,גן ציבורי - פארק,642,2.0
עבירות כלפי הרכוש,בית עסק סיטונאי,642,2.0
שאר עבירות,בית מעצר,642,2.0
עבירות כלפי הרכוש,בית מגורים אחר,642,4.0
עבירות כלפי הרכוש,בית מגורים אחר,642,4.0
עבירות סדר ציבורי,בית הקרבן,642,5.0
עבירות סדר ציבורי,בית הקרבן,642,5.0
עבירות סדר ציבורי,בית הקרבן,642,5.0
עבירות סדר ציבורי,בית הקרבן,642,3.0
עבירות נגד גוף,בית הקרבן,642,3.0
עבירות סדר ציבורי,בית הקרבן,642,2.0
עבירות מרמה,בית הקרבן,642,3.0
עבירות מרמה,בית הקרבן,642,3.0
עבירות סדר ציבורי,בית הקרבן,642,6.0
עבירות נגד גוף,בית הקרבן,642,6.0
עבירות כלפי הרכוש,בית הקרבן,642,5.0
עבירות סדר ציבורי,בית הקרבן,642,5.0
עבירות כלפי הרכוש,בית הקרבן,642,4.0
עבירות כלפי הרכוש,בית הקרבן,642,4.0
עבירות כלפי הרכוש,בית הקרבן,642,4.0
עבירות כלפי הרכוש,בית הקרבן,642,3.0
עבירות נגד גוף,בית הקרבן,642,2.0
עבירות כלפי הרכוש,בית הקרבן,642,2.0
עבירות כלפי הרכוש,בית הקרבן,642,1.0
עבירות מרמה,בית הקרבן,642,3.0
עבירות כלפי הרכוש,בית הקרבן,642,5.0
עבירות כלפי הרכוש,בית הקרבן,642,5.0
עבירות כלפי הרכוש,בית הקרבן,642,4.0
עבירות סדר ציבורי,בית הקרבן,642,3.0
עבירות סדר ציבורי,בית הקרבן,642,2.0
עבירות סדר ציבורי,בית הקרבן,642,2.0
עבירות כלפי הרכוש,בית הקרבן,642,2.0
עבירות כלפי הרכוש,בית הקרבן,642,6.0
עבירות כלפי הרכוש,בית הקרבן,642,6.0
עבירות כלפי הרכוש,בית הקרבן,642,5.0
עבירות נגד גוף,בית הקרבן,642,5.0
עבירות סדר ציבורי,בית הקרבן,642,4.0
עבירות כלפי הרכוש,בית הקרבן,642,4.0
עבירות כלפי הרכוש,בית הקרבן,642,4.0
עבירות כלפי הרכוש,בית הקרבן,642,4.0
עבירות סדר ציבורי,בית הקרבן,642,3.0
עבירות כלפי הרכוש,בית הקרבן,642,3.0
עבירות כלפי הרכוש,בית הקרבן,642,3.0
עבירות כלפי הרכוש,בית הקרבן,642,2.0
עבירות כלפי הרכוש,בית הקרבן,642,1.0
עבירות כלפי הרכוש,בית המבצע,642,5.0
שאר עבירות,בית המבצע,642,1.0
שאר עבירות,בית המבצע,642,1.0
עבירות כלפי המוסר,בית המבצע,642,1.0
עבירות סדר ציבורי,בית המבצע,642,6.0
עבירות נגד גוף,בית המבצע,642,5.0
שאר עבירות,בית המבצע,642,2.0
שאר עבירות,בית המבצע,642,2.0
שאר עבירות,בית המבצע,642,2.0
שאר עבירות,בית המבצע,642,2.0
שאר עבירות,בית המבצע,642,1.0
שאר עבירות,בית המבצע,642,1.0
עבירות נגד גוף,בית המבצע,642,4.0
עבירות סדר ציבורי,בית המבצע,642,3.0
עבירות כלפי המוסר,בית המבצע,642,2.0
עבירות נגד גוף,בית המבצע,642,1.0
שאר עבירות,בית המבצע,642,1.0
עבירות כלפי הרכוש,בית המבצע,642,5.0
עבירות נגד גוף,בית המבצע,642,4.0
שאר עבירות,בית המבצע,642,2.0
שאר עבירות,בית המבצע,642,2.0
שאר עבירות,בית המבצע,642,2.0
שאר עבירות,בית המבצע,642,1.0
שאר עבירות,בית המבצע,642,1.0
עבירות נגד גוף,בית המבצע,642,5.0
עבירות סדר ציבורי,בית המבצע,642,4.0
עבירות כלפי הרכוש,בית-ספר יסודי,642,5.0
עבירות כלפי הרכוש,אוטובוס,642,1.0
עבירות כלפי הרכוש,אוטובוס,642,1.0
עבירות סדר ציבורי,תחנת משטרה,643,6.0
עבירות סדר ציבורי,רחוב,643,3.0
עבירות סדר ציבורי,רחוב,643,1.0
עבירות נגד גוף,רחוב,643,3.0
עבירות כלפי המוסר,רחוב,643,1.0
עבירות מרמה,רחוב,643,1.0
עבירות כלפי הרכוש,רחוב,643,1.0
עבירות סדר ציבורי,רחוב,643,1.0
עבירות מרמה,רחוב,643,1.0
עבירות כלפי הרכוש,חניה,643,3.0
עבירות כלפי הרכוש,בית הקרבן,643,3.0
עבירות סדר ציבורי,בית הקרבן,643,5.0
עבירות סדר ציבורי,בית הקרבן,643,5.0
עבירות כלפי הרכוש,בית הקרבן,643,3.0
עבירות כלפי הרכוש,בית הקרבן,643,3.0
עבירות נגד גוף,בית הקרבן,643,2.0
עבירות כלפי הרכוש,בית הקרבן,643,2.0
עבירות כלפי הרכוש,בית הקרבן,643,4.0
עבירות כלפי המוסר,בית המבצע,643,6.0
עבירות כלפי הרכוש,בית המבצע,643,6.0
עבירות כלפי המוסר,בית המבצע,643,3.0
עבירות סדר ציבורי,בית המבצע,643,6.0
עבירות כלפי הרכוש,אתר בניה,643,1.0
עבירות כלפי המוסר,"אחר,שלא פורט לעיל",643,4.0
עבירות כלפי הרכוש,רחוב,644,3.0
עבירות כלפי הרכוש,חנויות אחרות,644,3.0
עבירות כלכליות,בית מגורים אחר,644,6.0
עבירות נגד גוף,בית הקרבן,644,1.0
עבירות כלפי הרכוש,בית הקרבן,644,1.0
עבירות סדר ציבורי,בית הקרבן,644,1.0
